"","name","locus","allele","background","clone","mosquito","sporozoites","rep","date","gene","RefAlt"
"1","3D7_Kisumu","WT","D","3D7","3D7","An_gam",2496.756041,1,"2Dec22","CTRP","Ref"
"2","3D7_Kisumu","WT","D","3D7","3D7","An_gam",0,1,"2Dec22","CTRP","Ref"
"3","3D7_Kisumu","WT","D","3D7","3D7","An_gam",28237.91453,1,"2Dec22","CTRP","Ref"
"4","3D7_Kisumu","WT","D","3D7","3D7","An_gam",120.4315438,1,"2Dec22","CTRP","Ref"
"5","3D7_Kisumu","WT","D","3D7","3D7","An_gam",57.72967792,1,"2Dec22","CTRP","Ref"
"6","3D7_Kisumu","WT","D","3D7","3D7","An_gam",232.5048561,1,"2Dec22","CTRP","Ref"
"7","3D7_Kisumu","WT","D","3D7","3D7","An_gam",695.4329554,1,"2Dec22","CTRP","Ref"
"8","3D7_Kisumu","WT","D","3D7","3D7","An_gam",3764.256033,1,"2Dec22","CTRP","Ref"
"9","3D7_Kisumu","WT","D","3D7","3D7","An_gam",515.6500479,1,"2Dec22","CTRP","Ref"
"10","3D7_Kisumu","WT","D","3D7","3D7","An_gam",0,1,"2Dec22","CTRP","Ref"
"11","3D7_Kisumu","WT","D","3D7","3D7","An_gam",2394.330769,1,"2Dec22","CTRP","Ref"
"12","3D7_Kisumu","WT","D","3D7","3D7","An_gam",434.4743875,1,"2Dec22","CTRP","Ref"
"13","3D7_Kisumu","WT","D","3D7","3D7","An_gam",7500.003296,1,"2Dec22","CTRP","Ref"
"14","3D7_Kisumu","WT","D","3D7","3D7","An_gam",0,1,"2Dec22","CTRP","Ref"
"15","3D7_Kisumu","WT","D","3D7","3D7","An_gam",0,1,"2Dec22","CTRP","Ref"
"16","3D7_Kisumu","WT","D","3D7","3D7","An_gam",84.33675649,1,"2Dec22","CTRP","Ref"
"17","3D7_Kisumu","WT","D","3D7","3D7","An_gam",1403.740232,1,"2Dec22","CTRP","Ref"
"18","3D7_Kisumu","WT","D","3D7","3D7","An_gam",0,1,"2Dec22","CTRP","Ref"
"19","3D7_Kisumu","WT","D","3D7","3D7","An_gam",6952.984147,1,"2Dec22","CTRP","Ref"
"20","3D7_Kisumu","WT","D","3D7","3D7","An_gam",4770.041475,1,"2Dec22","CTRP","Ref"
"21","3D7_Kisumu","WT","D","3D7","3D7","An_gam",62.13426295,1,"2Dec22","CTRP","Ref"
"22","3D7_Kisumu","WT","D","3D7","3D7","An_gam",1029.980275,1,"2Dec22","CTRP","Ref"
"23","3D7_Kisumu","WT","D","3D7","3D7","An_gam",18.3224865,1,"2Dec22","CTRP","Ref"
"24","3D7_Kisumu","WT","D","3D7","3D7","An_gam",44.76824587,1,"2Dec22","CTRP","Ref"
"25","3D7_CTRP_Silent_Kisumu_E2","CTRP_319","D","3D7","E2","An_gam",0,1,"2Dec22","CTRP","Ref"
"26","3D7_CTRP_Silent_Kisumu_E2","CTRP_319","D","3D7","E2","An_gam",315.7440762,1,"2Dec22","CTRP","Ref"
"27","3D7_CTRP_Silent_Kisumu_E2","CTRP_319","D","3D7","E2","An_gam",94.86558113,1,"2Dec22","CTRP","Ref"
"28","3D7_CTRP_Silent_Kisumu_E2","CTRP_319","D","3D7","E2","An_gam",1413.793319,1,"2Dec22","CTRP","Ref"
"29","3D7_CTRP_Silent_Kisumu_E2","CTRP_319","D","3D7","E2","An_gam",743.7936981,1,"2Dec22","CTRP","Ref"
"30","3D7_CTRP_Silent_Kisumu_E2","CTRP_319","D","3D7","E2","An_gam",64.73591089,1,"2Dec22","CTRP","Ref"
"31","3D7_CTRP_Silent_Kisumu_E2","CTRP_319","D","3D7","E2","An_gam",82.99653438,1,"2Dec22","CTRP","Ref"
"32","3D7_CTRP_Silent_Kisumu_E2","CTRP_319","D","3D7","E2","An_gam",0,1,"2Dec22","CTRP","Ref"
"33","3D7_CTRP_Silent_Kisumu_E2","CTRP_319","D","3D7","E2","An_gam",19447.99126,1,"2Dec22","CTRP","Ref"
"34","3D7_CTRP_Silent_Kisumu_E2","CTRP_319","D","3D7","E2","An_gam",406.9238634,1,"2Dec22","CTRP","Ref"
"35","3D7_CTRP_Silent_Kisumu_E2","CTRP_319","D","3D7","E2","An_gam",680.9470492,1,"2Dec22","CTRP","Ref"
"36","3D7_CTRP_Silent_Kisumu_E2","CTRP_319","D","3D7","E2","An_gam",222.3674767,1,"2Dec22","CTRP","Ref"
"37","3D7_CTRP_Silent_Kisumu_E2","CTRP_319","D","3D7","E2","An_gam",477.8555573,1,"2Dec22","CTRP","Ref"
"38","3D7_CTRP_Silent_Kisumu_E2","CTRP_319","D","3D7","E2","An_gam",0,1,"2Dec22","CTRP","Ref"
"39","3D7_CTRP_Silent_Kisumu_E2","CTRP_319","D","3D7","E2","An_gam",0,1,"2Dec22","CTRP","Ref"
"40","3D7_CTRP_Silent_Kisumu_E2","CTRP_319","D","3D7","E2","An_gam",930.870459,1,"2Dec22","CTRP","Ref"
"41","3D7_CTRP_Silent_Kisumu_E2","CTRP_319","D","3D7","E2","An_gam",0,1,"2Dec22","CTRP","Ref"
"42","3D7_CTRP_Silent_Kisumu_E2","CTRP_319","D","3D7","E2","An_gam",0,1,"2Dec22","CTRP","Ref"
"43","3D7_CTRP_Silent_Kisumu_E2","CTRP_319","D","3D7","E2","An_gam",0,1,"2Dec22","CTRP","Ref"
"44","3D7_CTRP_Silent_Kisumu_E2","CTRP_319","D","3D7","E2","An_gam",21.75538829,1,"2Dec22","CTRP","Ref"
"45","3D7_CTRP_Silent_Kisumu_E2","CTRP_319","D","3D7","E2","An_gam",16825.77771,1,"2Dec22","CTRP","Ref"
"46","3D7_CTRP_Silent_Kisumu_E2","CTRP_319","D","3D7","E2","An_gam",535.3515373,1,"2Dec22","CTRP","Ref"
"47","3D7_CTRP_Silent_Kisumu_E2","CTRP_319","D","3D7","E2","An_gam",644.9864047,1,"2Dec22","CTRP","Ref"
"48","3D7_CTRP_Silent_Kisumu_E2","CTRP_319","D","3D7","E2","An_gam",282.8576195,1,"2Dec22","CTRP","Ref"
"49","3D7_CTRP_D319N _Kisumu_G9","CTRP_319","N","3D7","G9","An_gam",939.1122731,1,"2Dec22","CTRP","Alt"
"50","3D7_CTRP_D319N _Kisumu_G9","CTRP_319","N","3D7","G9","An_gam",144.4812183,1,"2Dec22","CTRP","Alt"
"51","3D7_CTRP_D319N _Kisumu_G9","CTRP_319","N","3D7","G9","An_gam",106.3956501,1,"2Dec22","CTRP","Alt"
"52","3D7_CTRP_D319N _Kisumu_G9","CTRP_319","N","3D7","G9","An_gam",100.9930166,1,"2Dec22","CTRP","Alt"
"53","3D7_CTRP_D319N _Kisumu_G9","CTRP_319","N","3D7","G9","An_gam",0,1,"2Dec22","CTRP","Alt"
"54","3D7_CTRP_D319N _Kisumu_G9","CTRP_319","N","3D7","G9","An_gam",0,1,"2Dec22","CTRP","Alt"
"55","3D7_CTRP_D319N _Kisumu_G9","CTRP_319","N","3D7","G9","An_gam",0,1,"2Dec22","CTRP","Alt"
"56","3D7_CTRP_D319N _Kisumu_G9","CTRP_319","N","3D7","G9","An_gam",14.68620879,1,"2Dec22","CTRP","Alt"
"57","3D7_CTRP_D319N _Kisumu_G9","CTRP_319","N","3D7","G9","An_gam",0,1,"2Dec22","CTRP","Alt"
"58","3D7_CTRP_D319N _Kisumu_G9","CTRP_319","N","3D7","G9","An_gam",0,1,"2Dec22","CTRP","Alt"
"59","3D7_CTRP_D319N _Kisumu_G9","CTRP_319","N","3D7","G9","An_gam",37.14616936,1,"2Dec22","CTRP","Alt"
"60","3D7_CTRP_D319N _Kisumu_G9","CTRP_319","N","3D7","G9","An_gam",0,1,"2Dec22","CTRP","Alt"
"61","3D7_CTRP_D319N _Kisumu_G9","CTRP_319","N","3D7","G9","An_gam",0,1,"2Dec22","CTRP","Alt"
"62","3D7_CTRP_D319N _Kisumu_G9","CTRP_319","N","3D7","G9","An_gam",0,1,"2Dec22","CTRP","Alt"
"63","3D7_CTRP_D319N _Kisumu_G9","CTRP_319","N","3D7","G9","An_gam",0,1,"2Dec22","CTRP","Alt"
"64","3D7_CTRP_D319N _Kisumu_G9","CTRP_319","N","3D7","G9","An_gam",597.2774497,1,"2Dec22","CTRP","Alt"
"65","3D7_CTRP_D319N _Kisumu_G9","CTRP_319","N","3D7","G9","An_gam",0,1,"2Dec22","CTRP","Alt"
"66","3D7_CTRP_D319N _Kisumu_G9","CTRP_319","N","3D7","G9","An_gam",21.41005256,1,"2Dec22","CTRP","Alt"
"67","3D7_CTRP_D319N _Kisumu_G9","CTRP_319","N","3D7","G9","An_gam",201.4826096,1,"2Dec22","CTRP","Alt"
"68","3D7_CTRP_D319N _Kisumu_G9","CTRP_319","N","3D7","G9","An_gam",44.89739468,1,"2Dec22","CTRP","Alt"
"69","3D7_CTRP_D319N _Kisumu_G9","CTRP_319","N","3D7","G9","An_gam",77.62082498,1,"2Dec22","CTRP","Alt"
"70","3D7_CTRP_D319N _Kisumu_G9","CTRP_319","N","3D7","G9","An_gam",0,1,"2Dec22","CTRP","Alt"
"71","3D7_CTRP_D319N _Kisumu_G9","CTRP_319","N","3D7","G9","An_gam",0,1,"2Dec22","CTRP","Alt"
"72","3D7_CTRP_D319N _Kisumu_G9","CTRP_319","N","3D7","G9","An_gam",25.78433199,1,"2Dec22","CTRP","Alt"
"73","3D7_stephensi","WT","D","3D7","3D7","An_steph",42.40688379,1,"2Dec22","CTRP","Ref"
"74","3D7_stephensi","WT","D","3D7","3D7","An_steph",0,1,"2Dec22","CTRP","Ref"
"75","3D7_stephensi","WT","D","3D7","3D7","An_steph",0,1,"2Dec22","CTRP","Ref"
"76","3D7_stephensi","WT","D","3D7","3D7","An_steph",0,1,"2Dec22","CTRP","Ref"
"77","3D7_stephensi","WT","D","3D7","3D7","An_steph",739.8107478,1,"2Dec22","CTRP","Ref"
"78","3D7_stephensi","WT","D","3D7","3D7","An_steph",0,1,"2Dec22","CTRP","Ref"
"79","3D7_stephensi","WT","D","3D7","3D7","An_steph",0,1,"2Dec22","CTRP","Ref"
"80","3D7_stephensi","WT","D","3D7","3D7","An_steph",0,1,"2Dec22","CTRP","Ref"
"81","3D7_CTRP_Silent_stephensi_E2","CTRP_319","D","3D7","E2","An_steph",80.22110382,1,"2Dec22","CTRP","Ref"
"82","3D7_CTRP_Silent_stephensi_E2","CTRP_319","D","3D7","E2","An_steph",11.29601241,1,"2Dec22","CTRP","Ref"
"83","3D7_CTRP_Silent_stephensi_E2","CTRP_319","D","3D7","E2","An_steph",7.788789318,1,"2Dec22","CTRP","Ref"
"84","3D7_CTRP_Silent_stephensi_E2","CTRP_319","D","3D7","E2","An_steph",0,1,"2Dec22","CTRP","Ref"
"85","3D7_CTRP_Silent_stephensi_E2","CTRP_319","D","3D7","E2","An_steph",0,1,"2Dec22","CTRP","Ref"
"86","3D7_CTRP_Silent_stephensi_E2","CTRP_319","D","3D7","E2","An_steph",0,1,"2Dec22","CTRP","Ref"
"87","3D7_CTRP_Silent_stephensi_E2","CTRP_319","D","3D7","E2","An_steph",0,1,"2Dec22","CTRP","Ref"
"88","3D7_CTRP_Silent_stephensi_E2","CTRP_319","D","3D7","E2","An_steph",0,1,"2Dec22","CTRP","Ref"
"89","3D7_CTRP_Silent_stephensi_E2","CTRP_319","D","3D7","E2","An_steph",0,1,"2Dec22","CTRP","Ref"
"90","3D7_CTRP_D319N_stephensi_G9","CTRP_319","N","3D7","G9","An_steph",0,1,"2Dec22","CTRP","Alt"
"91","3D7_CTRP_D319N_stephensi_G9","CTRP_319","N","3D7","G9","An_steph",0,1,"2Dec22","CTRP","Alt"
"92","3D7_CTRP_D319N_stephensi_G9","CTRP_319","N","3D7","G9","An_steph",0,1,"2Dec22","CTRP","Alt"
"93","3D7_CTRP_D319N_stephensi_G9","CTRP_319","N","3D7","G9","An_steph",0,1,"2Dec22","CTRP","Alt"
"94","3D7_CTRP_D319N_stephensi_G9","CTRP_319","N","3D7","G9","An_steph",0,1,"2Dec22","CTRP","Alt"
"95","3D7_CTRP_D319N_stephensi_G9","CTRP_319","N","3D7","G9","An_steph",316.6769361,1,"2Dec22","CTRP","Alt"
"96","3D7_CTRP_D319N_stephensi_G9","CTRP_319","N","3D7","G9","An_steph",10.61259105,1,"2Dec22","CTRP","Alt"
"97","3D7_CTRP_D319N_stephensi_G9","CTRP_319","N","3D7","G9","An_steph",0,1,"2Dec22","CTRP","Alt"
"98","3D7_CTRP_D319N_stephensi_G9","CTRP_319","N","3D7","G9","An_steph",10.18718964,1,"2Dec22","CTRP","Alt"
"99","3D7_Kisumu","WT","D","3D7","3D7","An_gam",0,2,"27-Mar-23","CTRP","Ref"
"100","3D7_Kisumu","WT","D","3D7","3D7","An_gam",0,2,"27-Mar-23","CTRP","Ref"
"101","3D7_Kisumu","WT","D","3D7","3D7","An_gam",0,2,"27-Mar-23","CTRP","Ref"
"102","3D7_Kisumu","WT","D","3D7","3D7","An_gam",13935.87663,2,"27-Mar-23","CTRP","Ref"
"103","3D7_Kisumu","WT","D","3D7","3D7","An_gam",0,2,"27-Mar-23","CTRP","Ref"
"104","3D7_Kisumu","WT","D","3D7","3D7","An_gam",16.42484169,2,"27-Mar-23","CTRP","Ref"
"105","3D7_Kisumu","WT","D","3D7","3D7","An_gam",9884.915529,2,"27-Mar-23","CTRP","Ref"
"106","3D7_Kisumu","WT","D","3D7","3D7","An_gam",11674.24634,2,"27-Mar-23","CTRP","Ref"
"107","3D7_Kisumu","WT","D","3D7","3D7","An_gam",367.2091052,2,"27-Mar-23","CTRP","Ref"
"108","3D7_Kisumu","WT","D","3D7","3D7","An_gam",3782.85646,2,"27-Mar-23","CTRP","Ref"
"109","3D7_Kisumu","WT","D","3D7","3D7","An_gam",957.0130194,2,"27-Mar-23","CTRP","Ref"
"110","3D7_Kisumu","WT","D","3D7","3D7","An_gam",511.9607078,2,"27-Mar-23","CTRP","Ref"
"111","3D7_CTRP_Silent_Kisumu_B5","CTRP_319","D","3D7","B5","An_gam",17.42029033,2,"27-Mar-23","CTRP","Ref"
"112","3D7_CTRP_Silent_Kisumu_B5","CTRP_319","D","3D7","B5","An_gam",0,2,"27-Mar-23","CTRP","Ref"
"113","3D7_CTRP_Silent_Kisumu_B5","CTRP_319","D","3D7","B5","An_gam",0,2,"27-Mar-23","CTRP","Ref"
"114","3D7_CTRP_Silent_Kisumu_B5","CTRP_319","D","3D7","B5","An_gam",4.994653384,2,"27-Mar-23","CTRP","Ref"
"115","3D7_CTRP_Silent_Kisumu_B5","CTRP_319","D","3D7","B5","An_gam",0,2,"27-Mar-23","CTRP","Ref"
"116","3D7_CTRP_Silent_Kisumu_B5","CTRP_319","D","3D7","B5","An_gam",131.8482693,2,"27-Mar-23","CTRP","Ref"
"117","3D7_CTRP_Silent_Kisumu_B5","CTRP_319","D","3D7","B5","An_gam",0,2,"27-Mar-23","CTRP","Ref"
"118","3D7_CTRP_Silent_Kisumu_B5","CTRP_319","D","3D7","B5","An_gam",0,2,"27-Mar-23","CTRP","Ref"
"119","3D7_CTRP_Silent_Kisumu_B5","CTRP_319","D","3D7","B5","An_gam",0,2,"27-Mar-23","CTRP","Ref"
"120","3D7_CTRP_Silent_Kisumu_B5","CTRP_319","D","3D7","B5","An_gam",0,2,"27-Mar-23","CTRP","Ref"
"121","3D7_CTRP_Silent_Kisumu_B5","CTRP_319","D","3D7","B5","An_gam",0,2,"27-Mar-23","CTRP","Ref"
"122","3D7_CTRP_Silent_Kisumu_B5","CTRP_319","D","3D7","B5","An_gam",29.31963802,2,"27-Mar-23","CTRP","Ref"
"123","3D7_CTRP_D319N _Kisumu_G9","CTRP_319","N","3D7","G9","An_gam",0,2,"27-Mar-23","CTRP","Alt"
"124","3D7_CTRP_D319N _Kisumu_G9","CTRP_319","N","3D7","G9","An_gam",0,2,"27-Mar-23","CTRP","Alt"
"125","3D7_CTRP_D319N _Kisumu_G9","CTRP_319","N","3D7","G9","An_gam",0,2,"27-Mar-23","CTRP","Alt"
"126","3D7_CTRP_D319N _Kisumu_G9","CTRP_319","N","3D7","G9","An_gam",0,2,"27-Mar-23","CTRP","Alt"
"127","3D7_CTRP_D319N _Kisumu_G9","CTRP_319","N","3D7","G9","An_gam",0,2,"27-Mar-23","CTRP","Alt"
"128","3D7_CTRP_D319N _Kisumu_G9","CTRP_319","N","3D7","G9","An_gam",10.56316981,2,"27-Mar-23","CTRP","Alt"
"129","3D7_CTRP_D319N _Kisumu_G9","CTRP_319","N","3D7","G9","An_gam",194.8055605,2,"27-Mar-23","CTRP","Alt"
"130","3D7_CTRP_D319N _Kisumu_G9","CTRP_319","N","3D7","G9","An_gam",29.2514291,2,"27-Mar-23","CTRP","Alt"
"131","3D7_CTRP_D319N _Kisumu_G9","CTRP_319","N","3D7","G9","An_gam",0,2,"27-Mar-23","CTRP","Alt"
"132","3D7_CTRP_D319N _Kisumu_G9","CTRP_319","N","3D7","G9","An_gam",0,2,"27-Mar-23","CTRP","Alt"
"133","3D7_CTRP_D319N _Kisumu_G9","CTRP_319","N","3D7","G9","An_gam",0,2,"27-Mar-23","CTRP","Alt"
"134","3D7_CTRP_D319N _Kisumu_G9","CTRP_319","N","3D7","G9","An_gam",0,2,"27-Mar-23","CTRP","Alt"
"135","3D7_stephensi","WT","D","3D7","3D7","An_steph",0,2,"27-Mar-23","CTRP","Ref"
"136","3D7_stephensi","WT","D","3D7","3D7","An_steph",4902.077469,2,"27-Mar-23","CTRP","Ref"
"137","3D7_stephensi","WT","D","3D7","3D7","An_steph",0,2,"27-Mar-23","CTRP","Ref"
"138","3D7_stephensi","WT","D","3D7","3D7","An_steph",0,2,"27-Mar-23","CTRP","Ref"
"139","3D7_stephensi","WT","D","3D7","3D7","An_steph",0,2,"27-Mar-23","CTRP","Ref"
"140","3D7_stephensi","WT","D","3D7","3D7","An_steph",0,2,"27-Mar-23","CTRP","Ref"
"141","3D7_stephensi","WT","D","3D7","3D7","An_steph",0,2,"27-Mar-23","CTRP","Ref"
"142","3D7_stephensi","WT","D","3D7","3D7","An_steph",0,2,"27-Mar-23","CTRP","Ref"
"143","3D7_stephensi","WT","D","3D7","3D7","An_steph",0,2,"27-Mar-23","CTRP","Ref"
"144","3D7_stephensi","WT","D","3D7","3D7","An_steph",3121.239923,2,"27-Mar-23","CTRP","Ref"
"145","3D7_CTRP_Silent_stephensi_B5","CTRP_319","D","3D7","B5","An_steph",0,2,"27-Mar-23","CTRP","Ref"
"146","3D7_CTRP_Silent_stephensi_B5","CTRP_319","D","3D7","B5","An_steph",0,2,"27-Mar-23","CTRP","Ref"
"147","3D7_CTRP_Silent_stephensi_B5","CTRP_319","D","3D7","B5","An_steph",0,2,"27-Mar-23","CTRP","Ref"
"148","3D7_CTRP_Silent_stephensi_B5","CTRP_319","D","3D7","B5","An_steph",0,2,"27-Mar-23","CTRP","Ref"
"149","3D7_CTRP_Silent_stephensi_B5","CTRP_319","D","3D7","B5","An_steph",0,2,"27-Mar-23","CTRP","Ref"
"150","3D7_CTRP_Silent_stephensi_B5","CTRP_319","D","3D7","B5","An_steph",142.4028096,2,"27-Mar-23","CTRP","Ref"
"151","3D7_CTRP_Silent_stephensi_B5","CTRP_319","D","3D7","B5","An_steph",0,2,"27-Mar-23","CTRP","Ref"
"152","3D7_CTRP_Silent_stephensi_B5","CTRP_319","D","3D7","B5","An_steph",0,2,"27-Mar-23","CTRP","Ref"
"153","3D7_CTRP_D319N_stephensi_G9","CTRP_319","N","3D7","G9","An_steph",10.72689384,2,"27-Mar-23","CTRP","Alt"
"154","3D7_CTRP_D319N_stephensi_G9","CTRP_319","N","3D7","G9","An_steph",0,2,"27-Mar-23","CTRP","Alt"
"155","3D7_CTRP_D319N_stephensi_G9","CTRP_319","N","3D7","G9","An_steph",0,2,"27-Mar-23","CTRP","Alt"
"156","3D7_CTRP_D319N_stephensi_G9","CTRP_319","N","3D7","G9","An_steph",0,2,"27-Mar-23","CTRP","Alt"
"157","3D7_CTRP_D319N_stephensi_G9","CTRP_319","N","3D7","G9","An_steph",12.27735886,2,"27-Mar-23","CTRP","Alt"
"158","3D7_CTRP_D319N_stephensi_G9","CTRP_319","N","3D7","G9","An_steph",0,2,"27-Mar-23","CTRP","Alt"
"159","3D7_CTRP_D319N_stephensi_G9","CTRP_319","N","3D7","G9","An_steph",0,2,"27-Mar-23","CTRP","Alt"
"160","3D7_CTRP_D319N_stephensi_G9","CTRP_319","N","3D7","G9","An_steph",0,2,"27-Mar-23","CTRP","Alt"
"161","3D7_Kisumu","WT","D","3D7","3D7","An_gam",2.235965932,3,"28-Jan-25","CTRP","Ref"
"162","3D7_Kisumu","WT","D","3D7","3D7","An_gam",0,3,"28-Jan-25","CTRP","Ref"
"163","3D7_Kisumu","WT","D","3D7","3D7","An_gam",194.2350458,3,"28-Jan-25","CTRP","Ref"
"164","3D7_Kisumu","WT","D","3D7","3D7","An_gam",0,3,"28-Jan-25","CTRP","Ref"
"165","3D7_Kisumu","WT","D","3D7","3D7","An_gam",87.07834175,3,"28-Jan-25","CTRP","Ref"
"166","3D7_Kisumu","WT","D","3D7","3D7","An_gam",121.4034946,3,"28-Jan-25","CTRP","Ref"
"167","3D7_Kisumu","WT","D","3D7","3D7","An_gam",0,3,"28-Jan-25","CTRP","Ref"
"168","3D7_Kisumu","WT","D","3D7","3D7","An_gam",0,3,"28-Jan-25","CTRP","Ref"
"169","3D7_Kisumu","WT","D","3D7","3D7","An_gam",0,3,"28-Jan-25","CTRP","Ref"
"170","3D7_Kisumu","WT","D","3D7","3D7","An_gam",18.5536206,3,"28-Jan-25","CTRP","Ref"
"171","3D7_Kisumu","WT","D","3D7","3D7","An_gam",52.72853951,3,"28-Jan-25","CTRP","Ref"
"172","3D7_Kisumu","WT","D","3D7","3D7","An_gam",0,3,"28-Jan-25","CTRP","Ref"
"173","3D7_CTRP_Silent_Kisumu_E2","CTRP_319","D","3D7","E2","An_gam",62.87390843,3,"28-Jan-25","CTRP","Ref"
"174","3D7_CTRP_Silent_Kisumu_E2","CTRP_319","D","3D7","E2","An_gam",2067.384897,3,"28-Jan-25","CTRP","Ref"
"175","3D7_CTRP_Silent_Kisumu_E2","CTRP_319","D","3D7","E2","An_gam",198.4775375,3,"28-Jan-25","CTRP","Ref"
"176","3D7_CTRP_Silent_Kisumu_E2","CTRP_319","D","3D7","E2","An_gam",106.965827,3,"28-Jan-25","CTRP","Ref"
"177","3D7_CTRP_Silent_Kisumu_E2","CTRP_319","D","3D7","E2","An_gam",267.1932191,3,"28-Jan-25","CTRP","Ref"
"178","3D7_CTRP_Silent_Kisumu_E2","CTRP_319","D","3D7","E2","An_gam",0,3,"28-Jan-25","CTRP","Ref"
"179","3D7_CTRP_Silent_Kisumu_E2","CTRP_319","D","3D7","E2","An_gam",0,3,"28-Jan-25","CTRP","Ref"
"180","3D7_CTRP_Silent_Kisumu_E2","CTRP_319","D","3D7","E2","An_gam",0,3,"28-Jan-25","CTRP","Ref"
"181","3D7_CTRP_Silent_Kisumu_E2","CTRP_319","D","3D7","E2","An_gam",212.3660018,3,"28-Jan-25","CTRP","Ref"
"182","3D7_CTRP_Silent_Kisumu_E2","CTRP_319","D","3D7","E2","An_gam",604.7630539,3,"28-Jan-25","CTRP","Ref"
"183","3D7_CTRP_Silent_Kisumu_E2","CTRP_319","D","3D7","E2","An_gam",21.97952975,3,"28-Jan-25","CTRP","Ref"
"184","3D7_CTRP_Silent_Kisumu_E2","CTRP_319","D","3D7","E2","An_gam",0,3,"28-Jan-25","CTRP","Ref"
"185","3D7_CTRP_Silent_Kisumu_E2","CTRP_319","D","3D7","E2","An_gam",1.38519074,3,"28-Jan-25","CTRP","Ref"
"186","3D7_CTRP_Silent_Kisumu_E2","CTRP_319","D","3D7","E2","An_gam",0,3,"28-Jan-25","CTRP","Ref"
"187","3D7_CTRP_Silent_Kisumu_E2","CTRP_319","D","3D7","E2","An_gam",547.5873154,3,"28-Jan-25","CTRP","Ref"
"188","3D7_CTRP_Silent_Kisumu_E2","CTRP_319","D","3D7","E2","An_gam",0,3,"28-Jan-25","CTRP","Ref"
"189","3D7_CTRP_Silent_Kisumu_E2","CTRP_319","D","3D7","E2","An_gam",13.59037144,3,"28-Jan-25","CTRP","Ref"
"190","3D7_CTRP_Silent_Kisumu_E2","CTRP_319","D","3D7","E2","An_gam",187.2563343,3,"28-Jan-25","CTRP","Ref"
"191","3D7_CTRP_Silent_Kisumu_E2","CTRP_319","D","3D7","E2","An_gam",0,3,"28-Jan-25","CTRP","Ref"
"192","3D7_CTRP_Silent_Kisumu_E2","CTRP_319","D","3D7","E2","An_gam",523.2731843,3,"28-Jan-25","CTRP","Ref"
"193","3D7_CTRP_Silent_Kisumu_E2","CTRP_319","D","3D7","E2","An_gam",113.9684065,3,"28-Jan-25","CTRP","Ref"
"194","3D7_CTRP_Silent_Kisumu_E2","CTRP_319","D","3D7","E2","An_gam",0,3,"28-Jan-25","CTRP","Ref"
"195","3D7_CTRP_Silent_Kisumu_E2","CTRP_319","D","3D7","E2","An_gam",13.21166116,3,"28-Jan-25","CTRP","Ref"
"196","3D7_CTRP_Silent_Kisumu_E2","CTRP_319","D","3D7","E2","An_gam",0,3,"28-Jan-25","CTRP","Ref"
"197","3D7_CTRP_D319N _Kisumu_G9","CTRP_319","N","3D7","G9","An_gam",0,3,"28-Jan-25","CTRP","Alt"
"198","3D7_CTRP_D319N _Kisumu_G9","CTRP_319","N","3D7","G9","An_gam",82.18571314,3,"28-Jan-25","CTRP","Alt"
"199","3D7_CTRP_D319N _Kisumu_G9","CTRP_319","N","3D7","G9","An_gam",0,3,"28-Jan-25","CTRP","Alt"
"200","3D7_CTRP_D319N _Kisumu_G9","CTRP_319","N","3D7","G9","An_gam",0,3,"28-Jan-25","CTRP","Alt"
"201","3D7_CTRP_D319N _Kisumu_G9","CTRP_319","N","3D7","G9","An_gam",24.0973249,3,"28-Jan-25","CTRP","Alt"
"202","3D7_CTRP_D319N _Kisumu_G9","CTRP_319","N","3D7","G9","An_gam",8.458510375,3,"28-Jan-25","CTRP","Alt"
"203","3D7_CTRP_D319N _Kisumu_G9","CTRP_319","N","3D7","G9","An_gam",0,3,"28-Jan-25","CTRP","Alt"
"204","3D7_CTRP_D319N _Kisumu_G9","CTRP_319","N","3D7","G9","An_gam",0,3,"28-Jan-25","CTRP","Alt"
"205","3D7_CTRP_D319N _Kisumu_G9","CTRP_319","N","3D7","G9","An_gam",622.9644067,3,"28-Jan-25","CTRP","Alt"
"206","3D7_CTRP_D319N _Kisumu_G9","CTRP_319","N","3D7","G9","An_gam",88.09309995,3,"28-Jan-25","CTRP","Alt"
"207","3D7_CTRP_D319N _Kisumu_G9","CTRP_319","N","3D7","G9","An_gam",0,3,"28-Jan-25","CTRP","Alt"
"208","3D7_CTRP_D319N _Kisumu_G9","CTRP_319","N","3D7","G9","An_gam",0,3,"28-Jan-25","CTRP","Alt"
"209","3D7_CTRP_D319N _Kisumu_G9","CTRP_319","N","3D7","G9","An_gam",5.461358771,3,"28-Jan-25","CTRP","Alt"
"210","3D7_CTRP_D319N _Kisumu_G9","CTRP_319","N","3D7","G9","An_gam",0,3,"28-Jan-25","CTRP","Alt"
"211","3D7_CTRP_D319N _Kisumu_G9","CTRP_319","N","3D7","G9","An_gam",0,3,"28-Jan-25","CTRP","Alt"
"212","3D7_CTRP_D319N _Kisumu_G9","CTRP_319","N","3D7","G9","An_gam",10.80447333,3,"28-Jan-25","CTRP","Alt"
"213","3D7_CTRP_D319N _Kisumu_G9","CTRP_319","N","3D7","G9","An_gam",5.22290941,3,"28-Jan-25","CTRP","Alt"
"214","3D7_CTRP_D319N _Kisumu_G9","CTRP_319","N","3D7","G9","An_gam",154.7022713,3,"28-Jan-25","CTRP","Alt"
"215","3D7_CTRP_D319N _Kisumu_G9","CTRP_319","N","3D7","G9","An_gam",0,3,"28-Jan-25","CTRP","Alt"
"216","3D7_CTRP_D319N _Kisumu_G9","CTRP_319","N","3D7","G9","An_gam",0,3,"28-Jan-25","CTRP","Alt"
"217","3D7_CTRP_D319N _Kisumu_G9","CTRP_319","N","3D7","G9","An_gam",0,3,"28-Jan-25","CTRP","Alt"
"218","3D7_CTRP_D319N _Kisumu_G9","CTRP_319","N","3D7","G9","An_gam",0,3,"28-Jan-25","CTRP","Alt"
"219","3D7_CTRP_D319N _Kisumu_G9","CTRP_319","N","3D7","G9","An_gam",0,3,"28-Jan-25","CTRP","Alt"
"220","3D7_CTRP_D319N _Kisumu_G9","CTRP_319","N","3D7","G9","An_gam",0,3,"28-Jan-25","CTRP","Alt"
"221","3D7_stephensi","WT","D","3D7","3D7","An_steph",0,3,"28-Jan-25","CTRP","Ref"
"222","3D7_stephensi","WT","D","3D7","3D7","An_steph",0,3,"28-Jan-25","CTRP","Ref"
"223","3D7_stephensi","WT","D","3D7","3D7","An_steph",13.89129653,3,"28-Jan-25","CTRP","Ref"
"224","3D7_stephensi","WT","D","3D7","3D7","An_steph",239.2374116,3,"28-Jan-25","CTRP","Ref"
"225","3D7_stephensi","WT","D","3D7","3D7","An_steph",381.3292012,3,"28-Jan-25","CTRP","Ref"
"226","3D7_stephensi","WT","D","3D7","3D7","An_steph",0,3,"28-Jan-25","CTRP","Ref"
"227","3D7_stephensi","WT","D","3D7","3D7","An_steph",0,3,"28-Jan-25","CTRP","Ref"
"228","3D7_stephensi","WT","D","3D7","3D7","An_steph",22.65095113,3,"28-Jan-25","CTRP","Ref"
"229","3D7_CTRP_Silent_stephensi_E2","CTRP_319","D","3D7","E2","An_steph",0,3,"28-Jan-25","CTRP","Ref"
"230","3D7_CTRP_Silent_stephensi_E2","CTRP_319","D","3D7","E2","An_steph",37.76738387,3,"28-Jan-25","CTRP","Ref"
"231","3D7_CTRP_Silent_stephensi_E2","CTRP_319","D","3D7","E2","An_steph",0,3,"28-Jan-25","CTRP","Ref"
"232","3D7_CTRP_Silent_stephensi_E2","CTRP_319","D","3D7","E2","An_steph",0,3,"28-Jan-25","CTRP","Ref"
"233","3D7_CTRP_Silent_stephensi_E2","CTRP_319","D","3D7","E2","An_steph",0,3,"28-Jan-25","CTRP","Ref"
"234","3D7_CTRP_Silent_stephensi_E2","CTRP_319","D","3D7","E2","An_steph",28.28111557,3,"28-Jan-25","CTRP","Ref"
"235","3D7_CTRP_Silent_stephensi_E2","CTRP_319","D","3D7","E2","An_steph",0,3,"28-Jan-25","CTRP","Ref"
"236","3D7_CTRP_Silent_stephensi_E2","CTRP_319","D","3D7","E2","An_steph",0,3,"28-Jan-25","CTRP","Ref"
"237","3D7_CTRP_Silent_stephensi_E2","CTRP_319","D","3D7","E2","An_steph",0,3,"28-Jan-25","CTRP","Ref"
"238","3D7_CTRP_Silent_stephensi_E2","CTRP_319","D","3D7","E2","An_steph",33.58074497,3,"28-Jan-25","CTRP","Ref"
"239","3D7_CTRP_Silent_stephensi_E2","CTRP_319","D","3D7","E2","An_steph",0,3,"28-Jan-25","CTRP","Ref"
"240","3D7_CTRP_Silent_stephensi_E2","CTRP_319","D","3D7","E2","An_steph",0,3,"28-Jan-25","CTRP","Ref"
"241","3D7_CTRP_Silent_stephensi_E2","CTRP_319","D","3D7","E2","An_steph",6.869155274,3,"28-Jan-25","CTRP","Ref"
"242","3D7_CTRP_Silent_stephensi_E2","CTRP_319","D","3D7","E2","An_steph",9.495581138,3,"28-Jan-25","CTRP","Ref"
"243","3D7_CTRP_Silent_stephensi_E2","CTRP_319","D","3D7","E2","An_steph",94.36079631,3,"28-Jan-25","CTRP","Ref"
"244","3D7_CTRP_Silent_stephensi_E2","CTRP_319","D","3D7","E2","An_steph",0,3,"28-Jan-25","CTRP","Ref"
"245","3D7_CTRP_D319N_stephensi_G9","CTRP_319","N","3D7","G9","An_steph",0,3,"28-Jan-25","CTRP","Alt"
"246","3D7_CTRP_D319N_stephensi_G9","CTRP_319","N","3D7","G9","An_steph",0,3,"28-Jan-25","CTRP","Alt"
"247","3D7_CTRP_D319N_stephensi_G9","CTRP_319","N","3D7","G9","An_steph",0.911165036,3,"28-Jan-25","CTRP","Alt"
"248","3D7_CTRP_D319N_stephensi_G9","CTRP_319","N","3D7","G9","An_steph",0,3,"28-Jan-25","CTRP","Alt"
"249","3D7_CTRP_D319N_stephensi_G9","CTRP_319","N","3D7","G9","An_steph",0,3,"28-Jan-25","CTRP","Alt"
"250","3D7_CTRP_D319N_stephensi_G9","CTRP_319","N","3D7","G9","An_steph",5.775696641,3,"28-Jan-25","CTRP","Alt"
"251","3D7_CTRP_D319N_stephensi_G9","CTRP_319","N","3D7","G9","An_steph",0,3,"28-Jan-25","CTRP","Alt"
"252","3D7_CTRP_D319N_stephensi_G9","CTRP_319","N","3D7","G9","An_steph",0,3,"28-Jan-25","CTRP","Alt"
"253","3D7_CTRP_D319N_stephensi_G9","CTRP_319","N","3D7","G9","An_steph",0,3,"28-Jan-25","CTRP","Alt"
"254","3D7_CTRP_D319N_stephensi_G9","CTRP_319","N","3D7","G9","An_steph",261.8932869,3,"28-Jan-25","CTRP","Alt"
"255","3D7_CTRP_D319N_stephensi_G9","CTRP_319","N","3D7","G9","An_steph",0,3,"28-Jan-25","CTRP","Alt"
"256","3D7_CTRP_D319N_stephensi_G9","CTRP_319","N","3D7","G9","An_steph",0,3,"28-Jan-25","CTRP","Alt"
"257","3D7_CTRP_D319N_stephensi_G9","CTRP_319","N","3D7","G9","An_steph",0,3,"28-Jan-25","CTRP","Alt"
"258","3D7_CTRP_D319N_stephensi_G9","CTRP_319","N","3D7","G9","An_steph",0,3,"28-Jan-25","CTRP","Alt"
"259","3D7_CTRP_D319N_stephensi_G9","CTRP_319","N","3D7","G9","An_steph",0,3,"28-Jan-25","CTRP","Alt"
"260","3D7_CTRP_D319N_stephensi_G9","CTRP_319","N","3D7","G9","An_steph",31.13210216,3,"28-Jan-25","CTRP","Alt"
"261","3D7_CTRP_Silent_minimus_E2","CTRP_319","D","3D7","E2","An_mini",0.400634024,3,"28-Jan-25","CTRP","Ref"
"262","3D7_CTRP_Silent_minimus_E2","CTRP_319","D","3D7","E2","An_mini",0,3,"28-Jan-25","CTRP","Ref"
"263","3D7_CTRP_Silent_minimus_E2","CTRP_319","D","3D7","E2","An_mini",0,3,"28-Jan-25","CTRP","Ref"
"264","3D7_CTRP_Silent_minimus_E2","CTRP_319","D","3D7","E2","An_mini",0,3,"28-Jan-25","CTRP","Ref"
"265","3D7_CTRP_Silent_minimus_E2","CTRP_319","D","3D7","E2","An_mini",0,3,"28-Jan-25","CTRP","Ref"
"266","3D7_CTRP_Silent_minimus_E2","CTRP_319","D","3D7","E2","An_mini",0,3,"28-Jan-25","CTRP","Ref"
"267","3D7_CTRP_Silent_minimus_E2","CTRP_319","D","3D7","E2","An_mini",4.178497186,3,"28-Jan-25","CTRP","Ref"
"268","3D7_CTRP_Silent_minimus_E2","CTRP_319","D","3D7","E2","An_mini",0,3,"28-Jan-25","CTRP","Ref"
"269","3D7_CTRP_Silent_minimus_E2","CTRP_319","D","3D7","E2","An_mini",0,3,"28-Jan-25","CTRP","Ref"
"270","3D7_CTRP_Silent_minimus_E2","CTRP_319","D","3D7","E2","An_mini",0,3,"28-Jan-25","CTRP","Ref"
"271","3D7_CTRP_D319N_minimus_G9","CTRP_319","N","3D7","G9","An_mini",0,3,"28-Jan-25","CTRP","Alt"
"272","3D7_CTRP_D319N_minimus_G9","CTRP_319","N","3D7","G9","An_mini",0,3,"28-Jan-25","CTRP","Alt"
"273","3D7_CTRP_D319N_minimus_G9","CTRP_319","N","3D7","G9","An_mini",0.951667686,3,"28-Jan-25","CTRP","Alt"
"274","3D7_CTRP_D319N_minimus_G9","CTRP_319","N","3D7","G9","An_mini",0,3,"28-Jan-25","CTRP","Alt"
"275","3D7_CTRP_D319N_minimus_G9","CTRP_319","N","3D7","G9","An_mini",0,3,"28-Jan-25","CTRP","Alt"
"276","3D7_CTRP_D319N_minimus_G9","CTRP_319","N","3D7","G9","An_mini",0.496613222,3,"28-Jan-25","CTRP","Alt"
"277","3D7_CTRP_D319N_minimus_G9","CTRP_319","N","3D7","G9","An_mini",0,3,"28-Jan-25","CTRP","Alt"
"278","3D7_CTRP_D319N_minimus_G9","CTRP_319","N","3D7","G9","An_mini",0,3,"28-Jan-25","CTRP","Alt"
"279","3D7_CTRP_D319N_minimus_G9","CTRP_319","N","3D7","G9","An_mini",0,3,"28-Jan-25","CTRP","Alt"
"280","3D7_CTRP_D319N_minimus_G9","CTRP_319","N","3D7","G9","An_mini",0,3,"28-Jan-25","CTRP","Alt"
"281","3D7_minimus","WT","D","3D7","3D7","An_mini",0,1,"21Feb25","CTRP","Ref"
"282","3D7_minimus","WT","D","3D7","3D7","An_mini",0,1,"21Feb25","CTRP","Ref"
"283","3D7_minimus","WT","D","3D7","3D7","An_mini",2722.512633,1,"21Feb25","CTRP","Ref"
"284","3D7_minimus","WT","D","3D7","3D7","An_mini",183.942785,1,"21Feb25","CTRP","Ref"
"285","3D7_minimus","WT","D","3D7","3D7","An_mini",103.6634036,1,"21Feb25","CTRP","Ref"
"286","3D7_CTRP_Silent_minimus_E2","CTRP_319","D","3D7","E2","An_mini",0,1,"21Feb25","CTRP","Ref"
"287","3D7_CTRP_Silent_minimus_E2","CTRP_319","D","3D7","E2","An_mini",8.135564905,1,"21Feb25","CTRP","Ref"
"288","3D7_CTRP_Silent_minimus_E2","CTRP_319","D","3D7","E2","An_mini",0,1,"21Feb25","CTRP","Ref"
"289","3D7_CTRP_D319N_minimus_G9","CTRP_319","N","3D7","G9","An_mini",0,1,"21Feb25","CTRP","Alt"
"290","3D7_CTRP_D319N_minimus_G9","CTRP_319","N","3D7","G9","An_mini",0,1,"21Feb25","CTRP","Alt"
"291","3D7_CTRP_D319N_minimus_G9","CTRP_319","N","3D7","G9","An_mini",0,1,"21Feb25","CTRP","Alt"
"292","3D7_CTRP_D319N_minimus_G9","CTRP_319","N","3D7","G9","An_mini",7.895684788,1,"21Feb25","CTRP","Alt"
"293","3D7_CTRP_D319N_minimus_G9","CTRP_319","N","3D7","G9","An_mini",0,1,"21Feb25","CTRP","Alt"
"294","3D7_CTRP_D319N_minimus_G9","CTRP_319","N","3D7","G9","An_mini",0,1,"21Feb25","CTRP","Alt"
"295","3D7_CTRP_D319N_minimus_G9","CTRP_319","N","3D7","G9","An_mini",0,1,"21Feb25","CTRP","Alt"
"296","3D7_CTRP_Silent_minimus_E2","CTRP_319","D","3D7","E2","An_mini",0,2,"21Feb25","CTRP","Ref"
"297","3D7_CTRP_Silent_minimus_E2","CTRP_319","D","3D7","E2","An_mini",2.674641367,2,"21Feb25","CTRP","Ref"
"298","3D7_CTRP_Silent_minimus_E2","CTRP_319","D","3D7","E2","An_mini",0,2,"21Feb25","CTRP","Ref"
"299","3D7_CTRP_Silent_minimus_E2","CTRP_319","D","3D7","E2","An_mini",0,2,"21Feb25","CTRP","Ref"
"300","3D7_CTRP_Silent_minimus_E2","CTRP_319","D","3D7","E2","An_mini",0,2,"21Feb25","CTRP","Ref"
"301","3D7_CTRP_D319N_minimus_G9","CTRP_319","N","3D7","G9","An_mini",0,2,"21Feb25","CTRP","Alt"
"302","3D7_CTRP_D319N_minimus_G9","CTRP_319","N","3D7","G9","An_mini",0,2,"21Feb25","CTRP","Alt"
"303","3D7_CTRP_D319N_minimus_G9","CTRP_319","N","3D7","G9","An_mini",0,2,"21Feb25","CTRP","Alt"
"304","3D7_CTRP_D319N_minimus_G9","CTRP_319","N","3D7","G9","An_mini",0,2,"21Feb25","CTRP","Alt"
"305","3D7_CTRP_silent_Albimanus_E2","CTRP_319","D","3D7","E2","An_alb",0,1,"21Feb25","CTRP","Ref"
"306","3D7_CTRP_silent_Albimanus_E2","CTRP_319","D","3D7","E2","An_alb",0,1,"21Feb25","CTRP","Ref"
"307","3D7_CTRP_silent_Albimanus_E2","CTRP_319","D","3D7","E2","An_alb",0,1,"21Feb25","CTRP","Ref"
"308","3D7_CTRP_silent_Albimanus_E2","CTRP_319","D","3D7","E2","An_alb",0,1,"21Feb25","CTRP","Ref"
"309","3D7_CTRP_silent_Albimanus_E2","CTRP_319","D","3D7","E2","An_alb",0,1,"21Feb25","CTRP","Ref"
"310","3D7_CTRP_silent_Albimanus_E2","CTRP_319","D","3D7","E2","An_alb",0,1,"21Feb25","CTRP","Ref"
"311","3D7_CTRP_silent_Albimanus_E2","CTRP_319","D","3D7","E2","An_alb",0,1,"21Feb25","CTRP","Ref"
"312","3D7_CTRP_silent_Albimanus_E2","CTRP_319","D","3D7","E2","An_alb",0,1,"21Feb25","CTRP","Ref"
"313","3D7_CTRP_D319N_albimanus_G9","CTRP_319","N","3D7","G9","An_alb",0,1,"21Feb25","CTRP","Alt"
"314","3D7_CTRP_D319N_albimanus_G9","CTRP_319","N","3D7","G9","An_alb",0,1,"21Feb25","CTRP","Alt"
"315","3D7_CTRP_D319N_albimanus_G9","CTRP_319","N","3D7","G9","An_alb",147.3145146,1,"21Feb25","CTRP","Alt"
"316","3D7_CTRP_D319N_albimanus_G9","CTRP_319","N","3D7","G9","An_alb",45.18043442,1,"21Feb25","CTRP","Alt"
"317","3D7_CTRP_D319N_albimanus_G9","CTRP_319","N","3D7","G9","An_alb",251.7324318,1,"21Feb25","CTRP","Alt"
"318","3D7_CTRP_D319N_albimanus_G9","CTRP_319","N","3D7","G9","An_alb",0,1,"21Feb25","CTRP","Alt"
"319","3D7_CTRP_D319N_albimanus_G9","CTRP_319","N","3D7","G9","An_alb",205.4258056,1,"21Feb25","CTRP","Alt"
"320","3D7_CTRP_D319N_albimanus_G9","CTRP_319","N","3D7","G9","An_alb",15.49784069,1,"21Feb25","CTRP","Alt"
"321","3D7_CTRP_D319N_albimanus_G9","CTRP_319","N","3D7","G9","An_alb",96.83234933,1,"21Feb25","CTRP","Alt"
"322","3D7_CTRP_D319N_albimanus_G9","CTRP_319","N","3D7","G9","An_alb",0,1,"21Feb25","CTRP","Alt"
"323","3D7_CTRP_silent_Albimanus_E2","CTRP_319","D","3D7","E2","An_alb",0,2,"21Feb25","CTRP","Ref"
"324","3D7_CTRP_silent_Albimanus_E2","CTRP_319","D","3D7","E2","An_alb",0,2,"21Feb25","CTRP","Ref"
"325","3D7_CTRP_silent_Albimanus_E2","CTRP_319","D","3D7","E2","An_alb",0,2,"21Feb25","CTRP","Ref"
"326","3D7_CTRP_silent_Albimanus_E2","CTRP_319","D","3D7","E2","An_alb",0,2,"21Feb25","CTRP","Ref"
"327","3D7_CTRP_silent_Albimanus_E2","CTRP_319","D","3D7","E2","An_alb",0,2,"21Feb25","CTRP","Ref"
"328","3D7_CTRP_silent_Albimanus_E2","CTRP_319","D","3D7","E2","An_alb",0,2,"21Feb25","CTRP","Ref"
"329","3D7_CTRP_silent_Albimanus_E2","CTRP_319","D","3D7","E2","An_alb",0,2,"21Feb25","CTRP","Ref"
"330","3D7_CTRP_silent_Albimanus_E2","CTRP_319","D","3D7","E2","An_alb",0,2,"21Feb25","CTRP","Ref"
"331","3D7_CTRP_silent_Albimanus_E2","CTRP_319","D","3D7","E2","An_alb",6.651852328,2,"21Feb25","CTRP","Ref"
"332","3D7_CTRP_silent_Albimanus_E2","CTRP_319","D","3D7","E2","An_alb",0,2,"21Feb25","CTRP","Ref"
"333","3D7_CTRP_silent_Albimanus_E2","CTRP_319","D","3D7","E2","An_alb",0,2,"21Feb25","CTRP","Ref"
"334","3D7_CTRP_silent_Albimanus_E2","CTRP_319","D","3D7","E2","An_alb",0,2,"21Feb25","CTRP","Ref"
"335","3D7_CTRP_D319N_albimanus_G9","CTRP_319","N","3D7","G9","An_alb",0,2,"21Feb25","CTRP","Alt"
"336","3D7_CTRP_D319N_albimanus_G9","CTRP_319","N","3D7","G9","An_alb",0,2,"21Feb25","CTRP","Alt"
"337","3D7_CTRP_D319N_albimanus_G9","CTRP_319","N","3D7","G9","An_alb",0,2,"21Feb25","CTRP","Alt"
"338","3D7_CTRP_D319N_albimanus_G9","CTRP_319","N","3D7","G9","An_alb",0,2,"21Feb25","CTRP","Alt"
"339","3D7_CTRP_D319N_albimanus_G9","CTRP_319","N","3D7","G9","An_alb",0,2,"21Feb25","CTRP","Alt"
"340","3D7_CTRP_D319N_albimanus_G9","CTRP_319","N","3D7","G9","An_alb",0,2,"21Feb25","CTRP","Alt"
"341","3D7_CTRP_D319N_albimanus_G9","CTRP_319","N","3D7","G9","An_alb",0,2,"21Feb25","CTRP","Alt"
"342","3D7_CTRP_D319N_albimanus_G9","CTRP_319","N","3D7","G9","An_alb",0,2,"21Feb25","CTRP","Alt"
"343","3D7_CTRP_D319N_albimanus_G9","CTRP_319","N","3D7","G9","An_alb",61.52027746,2,"21Feb25","CTRP","Alt"
"344","3D7_CTRP_D319N_albimanus_G9","CTRP_319","N","3D7","G9","An_alb",0,2,"21Feb25","CTRP","Alt"
"345","3D7_CTRP_D319N_albimanus_G9","CTRP_319","N","3D7","G9","An_alb",0,2,"21Feb25","CTRP","Alt"
"346","3D7_CTRP_D319N_albimanus_G9","CTRP_319","N","3D7","G9","An_alb",0,2,"21Feb25","CTRP","Alt"
"347","3D7_CTRP_silent_Albimanus_E2","CTRP_319","D","3D7","E2","An_alb",12.6017758,3,"21Feb25","CTRP","Ref"
"348","3D7_CTRP_silent_Albimanus_E2","CTRP_319","D","3D7","E2","An_alb",0,3,"21Feb25","CTRP","Ref"
"349","3D7_CTRP_silent_Albimanus_E2","CTRP_319","D","3D7","E2","An_alb",0,3,"21Feb25","CTRP","Ref"
"350","3D7_CTRP_silent_Albimanus_E2","CTRP_319","D","3D7","E2","An_alb",0,3,"21Feb25","CTRP","Ref"
"351","3D7_CTRP_silent_Albimanus_E2","CTRP_319","D","3D7","E2","An_alb",0,3,"21Feb25","CTRP","Ref"
"352","3D7_CTRP_silent_Albimanus_E2","CTRP_319","D","3D7","E2","An_alb",89.37352233,3,"21Feb25","CTRP","Ref"
"353","3D7_CTRP_D319N_albimanus_G9","CTRP_319","N","3D7","G9","An_alb",0,3,"21Feb25","CTRP","Alt"
"354","3D7_CTRP_D319N_albimanus_G9","CTRP_319","N","3D7","G9","An_alb",45.81066482,3,"21Feb25","CTRP","Alt"
"355","3D7_CTRP_D319N_albimanus_G9","CTRP_319","N","3D7","G9","An_alb",123.9800583,3,"21Feb25","CTRP","Alt"
"356","3D7_CTRP_D319N_albimanus_G9","CTRP_319","N","3D7","G9","An_alb",0,3,"21Feb25","CTRP","Alt"
"357","3D7_CTRP_D319N_albimanus_G9","CTRP_319","N","3D7","G9","An_alb",0,3,"21Feb25","CTRP","Alt"
"358","3D7_CTRP_D319N_albimanus_G9","CTRP_319","N","3D7","G9","An_alb",0,3,"21Feb25","CTRP","Alt"
"359","3D7_Kisumu","WT","F","3D7","3D7","An_gam",8284.973458,1,"13Aug24","WARP","Ref"
"360","3D7_Kisumu","WT","F","3D7","3D7","An_gam",5304.885233,1,"13Aug24","WARP","Ref"
"361","3D7_Kisumu","WT","F","3D7","3D7","An_gam",3817.974743,1,"13Aug24","WARP","Ref"
"362","3D7_Kisumu","WT","F","3D7","3D7","An_gam",445.3123275,1,"13Aug24","WARP","Ref"
"363","3D7_Kisumu","WT","F","3D7","3D7","An_gam",14056.59211,1,"13Aug24","WARP","Ref"
"364","3D7_Kisumu","WT","F","3D7","3D7","An_gam",7690.508857,1,"13Aug24","WARP","Ref"
"365","3D7_Kisumu","WT","F","3D7","3D7","An_gam",4034.686639,1,"13Aug24","WARP","Ref"
"366","3D7_Kisumu","WT","F","3D7","3D7","An_gam",22278.31581,1,"13Aug24","WARP","Ref"
"367","3D7_Kisumu","WT","F","3D7","3D7","An_gam",3743.284474,1,"13Aug24","WARP","Ref"
"368","3D7_Kisumu","WT","F","3D7","3D7","An_gam",167.8408409,1,"13Aug24","WARP","Ref"
"369","3D7_Kisumu","WT","F","3D7","3D7","An_gam",7998.135488,1,"13Aug24","WARP","Ref"
"370","3D7_Kisumu","WT","F","3D7","3D7","An_gam",87.42126273,1,"13Aug24","WARP","Ref"
"371","3D7_WARP_silent_Kisumu_E4","WARP_125","F","3D7","E4","An_gam",7364.042179,1,"13Aug24","WARP","Ref"
"372","3D7_WARP_silent_Kisumu_E4","WARP_125","F","3D7","E4","An_gam",2010.51638,1,"13Aug24","WARP","Ref"
"373","3D7_WARP_silent_Kisumu_E4","WARP_125","F","3D7","E4","An_gam",0,1,"13Aug24","WARP","Ref"
"374","3D7_WARP_silent_Kisumu_E4","WARP_125","F","3D7","E4","An_gam",121.6477214,1,"13Aug24","WARP","Ref"
"375","3D7_WARP_silent_Kisumu_E4","WARP_125","F","3D7","E4","An_gam",15.32623227,1,"13Aug24","WARP","Ref"
"376","3D7_WARP_silent_Kisumu_E4","WARP_125","F","3D7","E4","An_gam",1974.623816,1,"13Aug24","WARP","Ref"
"377","3D7_WARP_silent_Kisumu_E4","WARP_125","F","3D7","E4","An_gam",9.725130017,1,"13Aug24","WARP","Ref"
"378","3D7_WARP_silent_Kisumu_E4","WARP_125","F","3D7","E4","An_gam",232.626584,1,"13Aug24","WARP","Ref"
"379","3D7_WARP_silent_Kisumu_E4","WARP_125","F","3D7","E4","An_gam",18825.23969,1,"13Aug24","WARP","Ref"
"380","3D7_WARP_silent_Kisumu_E4","WARP_125","F","3D7","E4","An_gam",6.650025658,1,"13Aug24","WARP","Ref"
"381","3D7_WARP_silent_Kisumu_E4","WARP_125","F","3D7","E4","An_gam",16.35465692,1,"13Aug24","WARP","Ref"
"382","3D7_WARP_silent_Kisumu_E4","WARP_125","F","3D7","E4","An_gam",52.81597024,1,"13Aug24","WARP","Ref"
"383","3D7_WARP_silent_Kisumu_E4","WARP_125","F","3D7","E4","An_gam",15.86107268,1,"13Aug24","WARP","Ref"
"384","3D7_WARP_silent_Kisumu_E4","WARP_125","F","3D7","E4","An_gam",0,1,"13Aug24","WARP","Ref"
"385","3D7_WARP_silent_Kisumu_E4","WARP_125","F","3D7","E4","An_gam",83.96007295,1,"13Aug24","WARP","Ref"
"386","3D7_WARP_silent_Kisumu_E4","WARP_125","F","3D7","E4","An_gam",7251.973797,1,"13Aug24","WARP","Ref"
"387","3D7_WARP_silent_Kisumu_E4","WARP_125","F","3D7","E4","An_gam",327.8949403,1,"13Aug24","WARP","Ref"
"388","3D7_WARP_silent_Kisumu_E4","WARP_125","F","3D7","E4","An_gam",2732.949654,1,"13Aug24","WARP","Ref"
"389","3D7_WARP_silent_Kisumu_E4","WARP_125","F","3D7","E4","An_gam",1.129908069,1,"13Aug24","WARP","Ref"
"390","3D7_WARP_silent_Kisumu_E4","WARP_125","F","3D7","E4","An_gam",508.3932507,1,"13Aug24","WARP","Ref"
"391","3D7_WARP_silent_Kisumu_E4","WARP_125","F","3D7","E4","An_gam",353.1856541,1,"13Aug24","WARP","Ref"
"392","3D7_WARP_silent_Kisumu_E4","WARP_125","F","3D7","E4","An_gam",86.32913696,1,"13Aug24","WARP","Ref"
"393","3D7_WARP_silent_Kisumu_E4","WARP_125","F","3D7","E4","An_gam",1434.814885,1,"13Aug24","WARP","Ref"
"394","3D7_WARP_silent_Kisumu_E4","WARP_125","F","3D7","E4","An_gam",27.96842732,1,"13Aug24","WARP","Ref"
"395","3D7_WARP_F125L_Kisumu_B8","WARP_125","L","3D7","B8","An_gam",2305.523052,1,"13Aug24","WARP","Alt"
"396","3D7_WARP_F125L_Kisumu_B8","WARP_125","L","3D7","B8","An_gam",0,1,"13Aug24","WARP","Alt"
"397","3D7_WARP_F125L_Kisumu_B8","WARP_125","L","3D7","B8","An_gam",484.8032358,1,"13Aug24","WARP","Alt"
"398","3D7_WARP_F125L_Kisumu_B8","WARP_125","L","3D7","B8","An_gam",44.89613344,1,"13Aug24","WARP","Alt"
"399","3D7_WARP_F125L_Kisumu_B8","WARP_125","L","3D7","B8","An_gam",720.4774471,1,"13Aug24","WARP","Alt"
"400","3D7_WARP_F125L_Kisumu_B8","WARP_125","L","3D7","B8","An_gam",2515.826842,1,"13Aug24","WARP","Alt"
"401","3D7_WARP_F125L_Kisumu_B8","WARP_125","L","3D7","B8","An_gam",8.501009854,1,"13Aug24","WARP","Alt"
"402","3D7_WARP_F125L_Kisumu_B8","WARP_125","L","3D7","B8","An_gam",83.65730739,1,"13Aug24","WARP","Alt"
"403","3D7_WARP_F125L_Kisumu_B8","WARP_125","L","3D7","B8","An_gam",5.225916631,1,"13Aug24","WARP","Alt"
"404","3D7_WARP_F125L_Kisumu_B8","WARP_125","L","3D7","B8","An_gam",28.47820892,1,"13Aug24","WARP","Alt"
"405","3D7_WARP_F125L_Kisumu_B8","WARP_125","L","3D7","B8","An_gam",1047.094336,1,"13Aug24","WARP","Alt"
"406","3D7_WARP_F125L_Kisumu_B8","WARP_125","L","3D7","B8","An_gam",401.0866225,1,"13Aug24","WARP","Alt"
"407","3D7_WARP_F125L_Kisumu_B8","WARP_125","L","3D7","B8","An_gam",83.05806572,1,"13Aug24","WARP","Alt"
"408","3D7_WARP_F125L_Kisumu_B8","WARP_125","L","3D7","B8","An_gam",468.4802268,1,"13Aug24","WARP","Alt"
"409","3D7_WARP_F125L_Kisumu_B8","WARP_125","L","3D7","B8","An_gam",113.4170739,1,"13Aug24","WARP","Alt"
"410","3D7_WARP_F125L_Kisumu_B8","WARP_125","L","3D7","B8","An_gam",2554.453647,1,"13Aug24","WARP","Alt"
"411","3D7_WARP_F125L_Kisumu_B8","WARP_125","L","3D7","B8","An_gam",673.6927953,1,"13Aug24","WARP","Alt"
"412","3D7_WARP_F125L_Kisumu_B8","WARP_125","L","3D7","B8","An_gam",532.8631107,1,"13Aug24","WARP","Alt"
"413","3D7_WARP_F125L_Kisumu_B8","WARP_125","L","3D7","B8","An_gam",55.60841496,1,"13Aug24","WARP","Alt"
"414","3D7_WARP_F125L_Kisumu_B8","WARP_125","L","3D7","B8","An_gam",680.4242069,1,"13Aug24","WARP","Alt"
"415","3D7_WARP_F125L_Kisumu_B8","WARP_125","L","3D7","B8","An_gam",0,1,"13Aug24","WARP","Alt"
"416","3D7_WARP_F125L_Kisumu_B8","WARP_125","L","3D7","B8","An_gam",21.85426586,1,"13Aug24","WARP","Alt"
"417","3D7_WARP_F125L_Kisumu_B8","WARP_125","L","3D7","B8","An_gam",8.528076593,1,"13Aug24","WARP","Alt"
"418","3D7_WARP_F125L_Kisumu_B8","WARP_125","L","3D7","B8","An_gam",87.80555259,1,"13Aug24","WARP","Alt"
"419","3D7_Stephensi","WT","F","3D7","3D7","An_steph",0,1,"13Aug24","WARP","Ref"
"420","3D7_Stephensi","WT","F","3D7","3D7","An_steph",1.462256435,1,"13Aug24","WARP","Ref"
"421","3D7_Stephensi","WT","F","3D7","3D7","An_steph",46.14381837,1,"13Aug24","WARP","Ref"
"422","3D7_Stephensi","WT","F","3D7","3D7","An_steph",1.345301959,1,"13Aug24","WARP","Ref"
"423","3D7_Stephensi","WT","F","3D7","3D7","An_steph",2.13530846,1,"13Aug24","WARP","Ref"
"424","3D7_Stephensi","WT","F","3D7","3D7","An_steph",2.811892881,1,"13Aug24","WARP","Ref"
"425","3D7_Stephensi","WT","F","3D7","3D7","An_steph",85.02030544,1,"13Aug24","WARP","Ref"
"426","3D7_Stephensi","WT","F","3D7","3D7","An_steph",1.40083455,1,"13Aug24","WARP","Ref"
"427","3D7_Stephensi","WT","F","3D7","3D7","An_steph",3.225923613,1,"13Aug24","WARP","Ref"
"428","3D7_Stephensi","WT","F","3D7","3D7","An_steph",2.166691691,1,"13Aug24","WARP","Ref"
"429","3D7_Stephensi","WT","F","3D7","3D7","An_steph",1.331409646,1,"13Aug24","WARP","Ref"
"430","3D7_Stephensi","WT","F","3D7","3D7","An_steph",3.394175574,1,"13Aug24","WARP","Ref"
"431","3D7_WARP_silent_stephensi_E4","WARP_125","F","3D7","E4","An_steph",478.8976102,1,"13Aug24","WARP","Ref"
"432","3D7_WARP_silent_stephensi_E4","WARP_125","F","3D7","E4","An_steph",0,1,"13Aug24","WARP","Ref"
"433","3D7_WARP_silent_stephensi_E4","WARP_125","F","3D7","E4","An_steph",1277.238645,1,"13Aug24","WARP","Ref"
"434","3D7_WARP_silent_stephensi_E4","WARP_125","F","3D7","E4","An_steph",29.27960782,1,"13Aug24","WARP","Ref"
"435","3D7_WARP_silent_stephensi_E4","WARP_125","F","3D7","E4","An_steph",0,1,"13Aug24","WARP","Ref"
"436","3D7_WARP_silent_stephensi_E4","WARP_125","F","3D7","E4","An_steph",284.0770128,1,"13Aug24","WARP","Ref"
"437","3D7_WARP_silent_stephensi_E4","WARP_125","F","3D7","E4","An_steph",2.899705347,1,"13Aug24","WARP","Ref"
"438","3D7_WARP_silent_stephensi_E4","WARP_125","F","3D7","E4","An_steph",0,1,"13Aug24","WARP","Ref"
"439","3D7_WARP_silent_stephensi_E4","WARP_125","F","3D7","E4","An_steph",33.8499033,1,"13Aug24","WARP","Ref"
"440","3D7_WARP_silent_stephensi_E4","WARP_125","F","3D7","E4","An_steph",5.264183501,1,"13Aug24","WARP","Ref"
"441","3D7_WARP_silent_stephensi_E4","WARP_125","F","3D7","E4","An_steph",2284.784024,1,"13Aug24","WARP","Ref"
"442","3D7_WARP_silent_stephensi_E4","WARP_125","F","3D7","E4","An_steph",66.63965151,1,"13Aug24","WARP","Ref"
"443","3D7_WARP_silent_stephensi_E4","WARP_125","F","3D7","E4","An_steph",4.938186081,1,"13Aug24","WARP","Ref"
"444","3D7_WARP_silent_stephensi_E4","WARP_125","F","3D7","E4","An_steph",1248.153629,1,"13Aug24","WARP","Ref"
"445","3D7_WARP_silent_stephensi_E4","WARP_125","F","3D7","E4","An_steph",847.2123825,1,"13Aug24","WARP","Ref"
"446","3D7_WARP_silent_stephensi_E4","WARP_125","F","3D7","E4","An_steph",469.6892259,1,"13Aug24","WARP","Ref"
"447","3D7_WARP_silent_stephensi_E4","WARP_125","F","3D7","E4","An_steph",2013.498735,1,"13Aug24","WARP","Ref"
"448","3D7_WARP_silent_stephensi_E4","WARP_125","F","3D7","E4","An_steph",10.12792746,1,"13Aug24","WARP","Ref"
"449","3D7_WARP_silent_stephensi_E4","WARP_125","F","3D7","E4","An_steph",0,1,"13Aug24","WARP","Ref"
"450","3D7_WARP_silent_stephensi_E4","WARP_125","F","3D7","E4","An_steph",1544.974391,1,"13Aug24","WARP","Ref"
"451","3D7_WARP_F125L_stephensi_B8","WARP_125","L","3D7","B8","An_steph",0,1,"13Aug24","WARP","Alt"
"452","3D7_WARP_F125L_stephensi_B8","WARP_125","L","3D7","B8","An_steph",212.7065455,1,"13Aug24","WARP","Alt"
"453","3D7_WARP_F125L_stephensi_B8","WARP_125","L","3D7","B8","An_steph",2933.872366,1,"13Aug24","WARP","Alt"
"454","3D7_WARP_F125L_stephensi_B8","WARP_125","L","3D7","B8","An_steph",21.31483322,1,"13Aug24","WARP","Alt"
"455","3D7_WARP_F125L_stephensi_B8","WARP_125","L","3D7","B8","An_steph",13.4330983,1,"13Aug24","WARP","Alt"
"456","3D7_WARP_F125L_stephensi_B8","WARP_125","L","3D7","B8","An_steph",21.58752019,1,"13Aug24","WARP","Alt"
"457","3D7_WARP_F125L_stephensi_B8","WARP_125","L","3D7","B8","An_steph",1084.178357,1,"13Aug24","WARP","Alt"
"458","3D7_WARP_F125L_stephensi_B8","WARP_125","L","3D7","B8","An_steph",66.8450876,1,"13Aug24","WARP","Alt"
"459","3D7_WARP_F125L_stephensi_B8","WARP_125","L","3D7","B8","An_steph",2602.164523,1,"13Aug24","WARP","Alt"
"460","3D7_WARP_F125L_stephensi_B8","WARP_125","L","3D7","B8","An_steph",3517.198899,1,"13Aug24","WARP","Alt"
"461","3D7_WARP_F125L_stephensi_B8","WARP_125","L","3D7","B8","An_steph",1219.713815,1,"13Aug24","WARP","Alt"
"462","3D7_WARP_F125L_stephensi_B8","WARP_125","L","3D7","B8","An_steph",0,1,"13Aug24","WARP","Alt"
"463","3D7_WARP_F125L_stephensi_B8","WARP_125","L","3D7","B8","An_steph",1203.654848,1,"13Aug24","WARP","Alt"
"464","3D7_WARP_F125L_stephensi_B8","WARP_125","L","3D7","B8","An_steph",0,1,"13Aug24","WARP","Alt"
"465","3D7_WARP_F125L_stephensi_B8","WARP_125","L","3D7","B8","An_steph",11846.17835,1,"13Aug24","WARP","Alt"
"466","3D7_WARP_F125L_stephensi_B8","WARP_125","L","3D7","B8","An_steph",0,1,"13Aug24","WARP","Alt"
"467","3D7_WARP_F125L_stephensi_B8","WARP_125","L","3D7","B8","An_steph",513.8702761,1,"13Aug24","WARP","Alt"
"468","3D7_WARP_F125L_stephensi_B8","WARP_125","L","3D7","B8","An_steph",1999.592853,1,"13Aug24","WARP","Alt"
"469","3D7_albimanus","WT","F","3D7","3D7","An_alb",0,1,"13Aug24","WARP","Ref"
"470","3D7_albimanus","WT","F","3D7","3D7","An_alb",0,1,"13Aug24","WARP","Ref"
"471","3D7_albimanus","WT","F","3D7","3D7","An_alb",16.40255272,1,"13Aug24","WARP","Ref"
"472","3D7_albimanus","WT","F","3D7","3D7","An_alb",0,1,"13Aug24","WARP","Ref"
"473","3D7_WARP_silent_albimanus_E4","WARP_125","F","3D7","E4","An_alb",0,1,"13Aug24","WARP","Ref"
"474","3D7_WARP_silent_albimanus_E4","WARP_125","F","3D7","E4","An_alb",3.909621714,1,"13Aug24","WARP","Ref"
"475","3D7_WARP_silent_albimanus_E4","WARP_125","F","3D7","E4","An_alb",0,1,"13Aug24","WARP","Ref"
"476","3D7_WARP_silent_albimanus_E4","WARP_125","F","3D7","E4","An_alb",9.74079662,1,"13Aug24","WARP","Ref"
"477","3D7_WARP_silent_albimanus_E4","WARP_125","F","3D7","E4","An_alb",0,1,"13Aug24","WARP","Ref"
"478","3D7_WARP_F125L_albimanus_B8","WARP_125","L","3D7","B8","An_alb",0,1,"13Aug24","WARP","Alt"
"479","3D7_WARP_F125L_albimanus_B8","WARP_125","L","3D7","B8","An_alb",0,1,"13Aug24","WARP","Alt"
"480","3D7_WARP_F125L_albimanus_B8","WARP_125","L","3D7","B8","An_alb",0,1,"13Aug24","WARP","Alt"
"481","3D7_WARP_F125L_albimanus_B8","WARP_125","L","3D7","B8","An_alb",0,1,"13Aug24","WARP","Alt"
"482","3D7_WARP_F125L_albimanus_B8","WARP_125","L","3D7","B8","An_alb",0,1,"13Aug24","WARP","Alt"
"483","3D7_Kisumu","WT","F","3D7","3D7","An_gam",1668.970732,2,"10Sep24","WARP","Ref"
"484","3D7_Kisumu","WT","F","3D7","3D7","An_gam",52817.53856,2,"10Sep24","WARP","Ref"
"485","3D7_Kisumu","WT","F","3D7","3D7","An_gam",8821.620268,2,"10Sep24","WARP","Ref"
"486","3D7_Kisumu","WT","F","3D7","3D7","An_gam",24195.11912,2,"10Sep24","WARP","Ref"
"487","3D7_Kisumu","WT","F","3D7","3D7","An_gam",11023.11556,2,"10Sep24","WARP","Ref"
"488","3D7_Kisumu","WT","F","3D7","3D7","An_gam",1697.966085,2,"10Sep24","WARP","Ref"
"489","3D7_Kisumu","WT","F","3D7","3D7","An_gam",94437.25142,2,"10Sep24","WARP","Ref"
"490","3D7_Kisumu","WT","F","3D7","3D7","An_gam",16863.08568,2,"10Sep24","WARP","Ref"
"491","3D7_Kisumu","WT","F","3D7","3D7","An_gam",19.88579056,2,"10Sep24","WARP","Ref"
"492","3D7_Kisumu","WT","F","3D7","3D7","An_gam",917.3515685,2,"10Sep24","WARP","Ref"
"493","3D7_Kisumu","WT","F","3D7","3D7","An_gam",0,2,"10Sep24","WARP","Ref"
"494","3D7_Kisumu","WT","F","3D7","3D7","An_gam",2409.147531,2,"10Sep24","WARP","Ref"
"495","3D7_WARP_silent_Kisumu_E4","WARP_125","F","3D7","E4","An_gam",0,2,"10Sep24","WARP","Ref"
"496","3D7_WARP_silent_Kisumu_E4","WARP_125","F","3D7","E4","An_gam",4.441841878,2,"10Sep24","WARP","Ref"
"497","3D7_WARP_silent_Kisumu_E4","WARP_125","F","3D7","E4","An_gam",54.91034285,2,"10Sep24","WARP","Ref"
"498","3D7_WARP_silent_Kisumu_E4","WARP_125","F","3D7","E4","An_gam",3168.038872,2,"10Sep24","WARP","Ref"
"499","3D7_WARP_silent_Kisumu_E4","WARP_125","F","3D7","E4","An_gam",7.762045127,2,"10Sep24","WARP","Ref"
"500","3D7_WARP_silent_Kisumu_E4","WARP_125","F","3D7","E4","An_gam",4.99906668,2,"10Sep24","WARP","Ref"
"501","3D7_WARP_silent_Kisumu_E4","WARP_125","F","3D7","E4","An_gam",41.99001863,2,"10Sep24","WARP","Ref"
"502","3D7_WARP_silent_Kisumu_E4","WARP_125","F","3D7","E4","An_gam",0,2,"10Sep24","WARP","Ref"
"503","3D7_WARP_silent_Kisumu_E4","WARP_125","F","3D7","E4","An_gam",2117.637708,2,"10Sep24","WARP","Ref"
"504","3D7_WARP_silent_Kisumu_E4","WARP_125","F","3D7","E4","An_gam",0,2,"10Sep24","WARP","Ref"
"505","3D7_WARP_silent_Kisumu_E4","WARP_125","F","3D7","E4","An_gam",479.184214,2,"10Sep24","WARP","Ref"
"506","3D7_WARP_silent_Kisumu_E4","WARP_125","F","3D7","E4","An_gam",6.612628416,2,"10Sep24","WARP","Ref"
"507","3D7_WARP_silent_Kisumu_E4","WARP_125","F","3D7","E4","An_gam",13.06206529,2,"10Sep24","WARP","Ref"
"508","3D7_WARP_silent_Kisumu_E4","WARP_125","F","3D7","E4","An_gam",3641.449639,2,"10Sep24","WARP","Ref"
"509","3D7_WARP_silent_Kisumu_E4","WARP_125","F","3D7","E4","An_gam",2711.346665,2,"10Sep24","WARP","Ref"
"510","3D7_WARP_silent_Kisumu_E4","WARP_125","F","3D7","E4","An_gam",6.565165148,2,"10Sep24","WARP","Ref"
"511","3D7_WARP_silent_Kisumu_E4","WARP_125","F","3D7","E4","An_gam",1488.229349,2,"10Sep24","WARP","Ref"
"512","3D7_WARP_silent_Kisumu_E4","WARP_125","F","3D7","E4","An_gam",73.7172831,2,"10Sep24","WARP","Ref"
"513","3D7_WARP_silent_Kisumu_E4","WARP_125","F","3D7","E4","An_gam",1179.11675,2,"10Sep24","WARP","Ref"
"514","3D7_WARP_silent_Kisumu_E4","WARP_125","F","3D7","E4","An_gam",4035.654637,2,"10Sep24","WARP","Ref"
"515","3D7_WARP_silent_Kisumu_E4","WARP_125","F","3D7","E4","An_gam",1245.726911,2,"10Sep24","WARP","Ref"
"516","3D7_WARP_silent_Kisumu_E4","WARP_125","F","3D7","E4","An_gam",8.326750424,2,"10Sep24","WARP","Ref"
"517","3D7_WARP_silent_Kisumu_E4","WARP_125","F","3D7","E4","An_gam",51.3567094,2,"10Sep24","WARP","Ref"
"518","3D7_WARP_silent_Kisumu_E4","WARP_125","F","3D7","E4","An_gam",0,2,"10Sep24","WARP","Ref"
"519","3D7_WARP_F125L_Kisumu_B8","WARP_125","L","3D7","B8","An_gam",0,2,"10Sep24","WARP","Alt"
"520","3D7_WARP_F125L_Kisumu_B8","WARP_125","L","3D7","B8","An_gam",9.008627193,2,"10Sep24","WARP","Alt"
"521","3D7_WARP_F125L_Kisumu_B8","WARP_125","L","3D7","B8","An_gam",8002.163984,2,"10Sep24","WARP","Alt"
"522","3D7_WARP_F125L_Kisumu_B8","WARP_125","L","3D7","B8","An_gam",0,2,"10Sep24","WARP","Alt"
"523","3D7_WARP_F125L_Kisumu_B8","WARP_125","L","3D7","B8","An_gam",0,2,"10Sep24","WARP","Alt"
"524","3D7_WARP_F125L_Kisumu_B8","WARP_125","L","3D7","B8","An_gam",13.75740019,2,"10Sep24","WARP","Alt"
"525","3D7_WARP_F125L_Kisumu_B8","WARP_125","L","3D7","B8","An_gam",0,2,"10Sep24","WARP","Alt"
"526","3D7_WARP_F125L_Kisumu_B8","WARP_125","L","3D7","B8","An_gam",48.0729126,2,"10Sep24","WARP","Alt"
"527","3D7_WARP_F125L_Kisumu_B8","WARP_125","L","3D7","B8","An_gam",3422.756491,2,"10Sep24","WARP","Alt"
"528","3D7_WARP_F125L_Kisumu_B8","WARP_125","L","3D7","B8","An_gam",10.7197605,2,"10Sep24","WARP","Alt"
"529","3D7_WARP_F125L_Kisumu_B8","WARP_125","L","3D7","B8","An_gam",0.742833791,2,"10Sep24","WARP","Alt"
"530","3D7_WARP_F125L_Kisumu_B8","WARP_125","L","3D7","B8","An_gam",8.457045823,2,"10Sep24","WARP","Alt"
"531","3D7_WARP_F125L_Kisumu_B8","WARP_125","L","3D7","B8","An_gam",3601.486215,2,"10Sep24","WARP","Alt"
"532","3D7_WARP_F125L_Kisumu_B8","WARP_125","L","3D7","B8","An_gam",0,2,"10Sep24","WARP","Alt"
"533","3D7_WARP_F125L_Kisumu_B8","WARP_125","L","3D7","B8","An_gam",0,2,"10Sep24","WARP","Alt"
"534","3D7_WARP_F125L_Kisumu_B8","WARP_125","L","3D7","B8","An_gam",0,2,"10Sep24","WARP","Alt"
"535","3D7_WARP_F125L_Kisumu_B8","WARP_125","L","3D7","B8","An_gam",1038.329116,2,"10Sep24","WARP","Alt"
"536","3D7_WARP_F125L_Kisumu_B8","WARP_125","L","3D7","B8","An_gam",0,2,"10Sep24","WARP","Alt"
"537","3D7_WARP_F125L_Kisumu_B8","WARP_125","L","3D7","B8","An_gam",0,2,"10Sep24","WARP","Alt"
"538","3D7_WARP_F125L_Kisumu_B8","WARP_125","L","3D7","B8","An_gam",556.5603067,2,"10Sep24","WARP","Alt"
"539","3D7_WARP_F125L_Kisumu_B8","WARP_125","L","3D7","B8","An_gam",2241.720033,2,"10Sep24","WARP","Alt"
"540","3D7_WARP_F125L_Kisumu_B8","WARP_125","L","3D7","B8","An_gam",0,2,"10Sep24","WARP","Alt"
"541","3D7_WARP_F125L_Kisumu_B8","WARP_125","L","3D7","B8","An_gam",11.9714332,2,"10Sep24","WARP","Alt"
"542","3D7_WARP_F125L_Kisumu_B8","WARP_125","L","3D7","B8","An_gam",0,2,"10Sep24","WARP","Alt"
"543","3D7_Stephensi","WT","F","3D7","3D7","An_steph",930.5171156,2,"10Sep24","WARP","Ref"
"544","3D7_Stephensi","WT","F","3D7","3D7","An_steph",0,2,"10Sep24","WARP","Ref"
"545","3D7_Stephensi","WT","F","3D7","3D7","An_steph",0,2,"10Sep24","WARP","Ref"
"546","3D7_Stephensi","WT","F","3D7","3D7","An_steph",0,2,"10Sep24","WARP","Ref"
"547","3D7_Stephensi","WT","F","3D7","3D7","An_steph",0,2,"10Sep24","WARP","Ref"
"548","3D7_Stephensi","WT","F","3D7","3D7","An_steph",0,2,"10Sep24","WARP","Ref"
"549","3D7_Stephensi","WT","F","3D7","3D7","An_steph",0,2,"10Sep24","WARP","Ref"
"550","3D7_Stephensi","WT","F","3D7","3D7","An_steph",0,2,"10Sep24","WARP","Ref"
"551","3D7_Stephensi","WT","F","3D7","3D7","An_steph",0,2,"10Sep24","WARP","Ref"
"552","3D7_Stephensi","WT","F","3D7","3D7","An_steph",0,2,"10Sep24","WARP","Ref"
"553","3D7_Stephensi","WT","F","3D7","3D7","An_steph",0,2,"10Sep24","WARP","Ref"
"554","3D7_Stephensi","WT","F","3D7","3D7","An_steph",0,2,"10Sep24","WARP","Ref"
"555","3D7_WARP_silent_stephensi_E4","WARP_125","F","3D7","E4","An_steph",112.3768193,2,"10Sep24","WARP","Ref"
"556","3D7_WARP_silent_stephensi_E4","WARP_125","F","3D7","E4","An_steph",0,2,"10Sep24","WARP","Ref"
"557","3D7_WARP_silent_stephensi_E4","WARP_125","F","3D7","E4","An_steph",0,2,"10Sep24","WARP","Ref"
"558","3D7_WARP_silent_stephensi_E4","WARP_125","F","3D7","E4","An_steph",0,2,"10Sep24","WARP","Ref"
"559","3D7_WARP_silent_stephensi_E4","WARP_125","F","3D7","E4","An_steph",0,2,"10Sep24","WARP","Ref"
"560","3D7_WARP_silent_stephensi_E4","WARP_125","F","3D7","E4","An_steph",0,2,"10Sep24","WARP","Ref"
"561","3D7_WARP_silent_stephensi_E4","WARP_125","F","3D7","E4","An_steph",636.014424,2,"10Sep24","WARP","Ref"
"562","3D7_WARP_silent_stephensi_E4","WARP_125","F","3D7","E4","An_steph",0,2,"10Sep24","WARP","Ref"
"563","3D7_WARP_silent_stephensi_E4","WARP_125","F","3D7","E4","An_steph",3.455420123,2,"10Sep24","WARP","Ref"
"564","3D7_WARP_silent_stephensi_E4","WARP_125","F","3D7","E4","An_steph",0,2,"10Sep24","WARP","Ref"
"565","3D7_WARP_silent_stephensi_E4","WARP_125","F","3D7","E4","An_steph",0,2,"10Sep24","WARP","Ref"
"566","3D7_WARP_silent_stephensi_E4","WARP_125","F","3D7","E4","An_steph",0,2,"10Sep24","WARP","Ref"
"567","3D7_WARP_F125L_stephensi_B8","WARP_125","L","3D7","B8","An_steph",3647.961858,2,"10Sep24","WARP","Alt"
"568","3D7_WARP_F125L_stephensi_B8","WARP_125","L","3D7","B8","An_steph",431.4253761,2,"10Sep24","WARP","Alt"
"569","3D7_WARP_F125L_stephensi_B8","WARP_125","L","3D7","B8","An_steph",0,2,"10Sep24","WARP","Alt"
"570","3D7_WARP_F125L_stephensi_B8","WARP_125","L","3D7","B8","An_steph",0,2,"10Sep24","WARP","Alt"
"571","3D7_WARP_F125L_stephensi_B8","WARP_125","L","3D7","B8","An_steph",2724.269693,2,"10Sep24","WARP","Alt"
"572","3D7_WARP_F125L_stephensi_B8","WARP_125","L","3D7","B8","An_steph",1201.368829,2,"10Sep24","WARP","Alt"
"573","3D7_WARP_F125L_stephensi_B8","WARP_125","L","3D7","B8","An_steph",0,2,"10Sep24","WARP","Alt"
"574","3D7_WARP_F125L_stephensi_B8","WARP_125","L","3D7","B8","An_steph",0,2,"10Sep24","WARP","Alt"
"575","3D7_WARP_F125L_stephensi_B8","WARP_125","L","3D7","B8","An_steph",0,2,"10Sep24","WARP","Alt"
"576","3D7_WARP_F125L_stephensi_B8","WARP_125","L","3D7","B8","An_steph",0,2,"10Sep24","WARP","Alt"
"577","3D7_WARP_F125L_stephensi_B8","WARP_125","L","3D7","B8","An_steph",0,2,"10Sep24","WARP","Alt"
"578","3D7_WARP_F125L_stephensi_B8","WARP_125","L","3D7","B8","An_steph",18.57206801,2,"10Sep24","WARP","Alt"
"579","3D7_minimus","WT","F","3D7","3D7","An_mini",0,2,"10Sep24","WARP","Ref"
"580","3D7_minimus","WT","F","3D7","3D7","An_mini",0,2,"10Sep24","WARP","Ref"
"581","3D7_minimus","WT","F","3D7","3D7","An_mini",239.3314465,2,"10Sep24","WARP","Ref"
"582","3D7_minimus","WT","F","3D7","3D7","An_mini",0,2,"10Sep24","WARP","Ref"
"583","3D7_minimus","WT","F","3D7","3D7","An_mini",0,2,"10Sep24","WARP","Ref"
"584","3D7_minimus","WT","F","3D7","3D7","An_mini",403.8221534,2,"10Sep24","WARP","Ref"
"585","3D7_minimus","WT","F","3D7","3D7","An_mini",1411.822699,2,"10Sep24","WARP","Ref"
"586","3D7_WARP_silent_minimus_E4","WARP_125","F","3D7","E4","An_mini",0,2,"10Sep24","WARP","Ref"
"587","3D7_WARP_silent_minimus_E4","WARP_125","F","3D7","E4","An_mini",18.06329887,2,"10Sep24","WARP","Ref"
"588","3D7_WARP_silent_minimus_E4","WARP_125","F","3D7","E4","An_mini",0,2,"10Sep24","WARP","Ref"
"589","3D7_WARP_silent_minimus_E4","WARP_125","F","3D7","E4","An_mini",16.66178048,2,"10Sep24","WARP","Ref"
"590","3D7_WARP_silent_minimus_E4","WARP_125","F","3D7","E4","An_mini",0,2,"10Sep24","WARP","Ref"
"591","3D7_WARP_silent_minimus_E4","WARP_125","F","3D7","E4","An_mini",5.009370895,2,"10Sep24","WARP","Ref"
"592","3D7_WARP_silent_minimus_E4","WARP_125","F","3D7","E4","An_mini",2.277384616,2,"10Sep24","WARP","Ref"
"593","3D7_WARP_silent_minimus_E4","WARP_125","F","3D7","E4","An_mini",0,2,"10Sep24","WARP","Ref"
"594","3D7_WARP_silent_minimus_E4","WARP_125","F","3D7","E4","An_mini",1.593124139,2,"10Sep24","WARP","Ref"
"595","3D7_WARP_F125L_minimus_B8","WARP_125","L","3D7","B8","An_mini",0,2,"10Sep24","WARP","Alt"
"596","3D7_WARP_F125L_minimus_B8","WARP_125","L","3D7","B8","An_mini",0,2,"10Sep24","WARP","Alt"
"597","3D7_WARP_F125L_minimus_B8","WARP_125","L","3D7","B8","An_mini",0,2,"10Sep24","WARP","Alt"
"598","3D7_WARP_F125L_minimus_B8","WARP_125","L","3D7","B8","An_mini",0,2,"10Sep24","WARP","Alt"
"599","3D7_WARP_F125L_minimus_B8","WARP_125","L","3D7","B8","An_mini",21.46285056,2,"10Sep24","WARP","Alt"
"600","3D7_WARP_F125L_minimus_B8","WARP_125","L","3D7","B8","An_mini",6.58864869,2,"10Sep24","WARP","Alt"
"601","3D7_WARP_F125L_minimus_B8","WARP_125","L","3D7","B8","An_mini",4.964946534,2,"10Sep24","WARP","Alt"
"602","3D7_WARP_F125L_minimus_B8","WARP_125","L","3D7","B8","An_mini",0,2,"10Sep24","WARP","Alt"
"603","3D7_WARP_F125L_minimus_B8","WARP_125","L","3D7","B8","An_mini",0,2,"10Sep24","WARP","Alt"
"604","3D7_WARP_F125L_minimus_B8","WARP_125","L","3D7","B8","An_mini",26.44912512,2,"10Sep24","WARP","Alt"
"605","3D7_WARP_F125L_minimus_B8","WARP_125","L","3D7","B8","An_mini",21.52308872,2,"10Sep24","WARP","Alt"
"606","3D7_albimanus","WT","F","3D7","3D7","An_alb",0,2,"10Sep24","WARP","Ref"
"607","3D7_albimanus","WT","F","3D7","3D7","An_alb",0,2,"10Sep24","WARP","Ref"
"608","3D7_albimanus","WT","F","3D7","3D7","An_alb",0,2,"10Sep24","WARP","Ref"
"609","3D7_albimanus","WT","F","3D7","3D7","An_alb",114.5806798,2,"10Sep24","WARP","Ref"
"610","3D7_WARP_silent_albimanus_E4","WARP_125","F","3D7","E4","An_alb",0,2,"10Sep24","WARP","Ref"
"611","3D7_WARP_silent_albimanus_E4","WARP_125","F","3D7","E4","An_alb",0,2,"10Sep24","WARP","Ref"
"612","3D7_WARP_silent_albimanus_E4","WARP_125","F","3D7","E4","An_alb",0,2,"10Sep24","WARP","Ref"
"613","3D7_WARP_silent_albimanus_E4","WARP_125","F","3D7","E4","An_alb",0,2,"10Sep24","WARP","Ref"
"614","3D7_WARP_silent_albimanus_E4","WARP_125","F","3D7","E4","An_alb",26.98419212,2,"10Sep24","WARP","Ref"
"615","3D7_WARP_F125L_albimanus_B8","WARP_125","L","3D7","B8","An_alb",0,2,"10Sep24","WARP","Alt"
"616","3D7_WARP_F125L_albimanus_B8","WARP_125","L","3D7","B8","An_alb",0,2,"10Sep24","WARP","Alt"
"617","3D7_WARP_F125L_albimanus_B8","WARP_125","L","3D7","B8","An_alb",0,2,"10Sep24","WARP","Alt"
"618","3D7_WARP_F125L_albimanus_B8","WARP_125","L","3D7","B8","An_alb",0,2,"10Sep24","WARP","Alt"
"619","3D7_WARP_F125L_albimanus_B8","WARP_125","L","3D7","B8","An_alb",0,2,"10Sep24","WARP","Alt"
"620","3D7_Kisumu","WT","F","3D7","3D7","An_gam",830.3593627,3,"20Sep24","WARP","Ref"
"621","3D7_Kisumu","WT","F","3D7","3D7","An_gam",0,3,"20Sep24","WARP","Ref"
"622","3D7_Kisumu","WT","F","3D7","3D7","An_gam",1326.326163,3,"20Sep24","WARP","Ref"
"623","3D7_Kisumu","WT","F","3D7","3D7","An_gam",14.25250262,3,"20Sep24","WARP","Ref"
"624","3D7_Kisumu","WT","F","3D7","3D7","An_gam",17488.06337,3,"20Sep24","WARP","Ref"
"625","3D7_Kisumu","WT","F","3D7","3D7","An_gam",78736.33435,3,"20Sep24","WARP","Ref"
"626","3D7_Kisumu","WT","F","3D7","3D7","An_gam",6932.536349,3,"20Sep24","WARP","Ref"
"627","3D7_Kisumu","WT","F","3D7","3D7","An_gam",12981.86038,3,"20Sep24","WARP","Ref"
"628","3D7_Kisumu","WT","F","3D7","3D7","An_gam",16585.75017,3,"20Sep24","WARP","Ref"
"629","3D7_Kisumu","WT","F","3D7","3D7","An_gam",14502.65018,3,"20Sep24","WARP","Ref"
"630","3D7_Kisumu","WT","F","3D7","3D7","An_gam",11747.51842,3,"20Sep24","WARP","Ref"
"631","3D7_Kisumu","WT","F","3D7","3D7","An_gam",1179.566871,3,"20Sep24","WARP","Ref"
"632","3D7_WARP_silent_Kisumu_E4","WARP_125","F","3D7","E4","An_gam",17.32259001,3,"20Sep24","WARP","Ref"
"633","3D7_WARP_silent_Kisumu_E4","WARP_125","F","3D7","E4","An_gam",171.5640885,3,"20Sep24","WARP","Ref"
"634","3D7_WARP_silent_Kisumu_E4","WARP_125","F","3D7","E4","An_gam",3.951239235,3,"20Sep24","WARP","Ref"
"635","3D7_WARP_silent_Kisumu_E4","WARP_125","F","3D7","E4","An_gam",1150.813811,3,"20Sep24","WARP","Ref"
"636","3D7_WARP_silent_Kisumu_E4","WARP_125","F","3D7","E4","An_gam",5.719245426,3,"20Sep24","WARP","Ref"
"637","3D7_WARP_silent_Kisumu_E4","WARP_125","F","3D7","E4","An_gam",38.51936268,3,"20Sep24","WARP","Ref"
"638","3D7_WARP_silent_Kisumu_E4","WARP_125","F","3D7","E4","An_gam",30.22917308,3,"20Sep24","WARP","Ref"
"639","3D7_WARP_silent_Kisumu_E4","WARP_125","F","3D7","E4","An_gam",41.75188467,3,"20Sep24","WARP","Ref"
"640","3D7_WARP_silent_Kisumu_E4","WARP_125","F","3D7","E4","An_gam",5495.662006,3,"20Sep24","WARP","Ref"
"641","3D7_WARP_silent_Kisumu_E4","WARP_125","F","3D7","E4","An_gam",56.79698649,3,"20Sep24","WARP","Ref"
"642","3D7_WARP_silent_Kisumu_E4","WARP_125","F","3D7","E4","An_gam",0,3,"20Sep24","WARP","Ref"
"643","3D7_WARP_silent_Kisumu_E4","WARP_125","F","3D7","E4","An_gam",0,3,"20Sep24","WARP","Ref"
"644","3D7_WARP_silent_Kisumu_E4","WARP_125","F","3D7","E4","An_gam",0,3,"20Sep24","WARP","Ref"
"645","3D7_WARP_silent_Kisumu_E4","WARP_125","F","3D7","E4","An_gam",2248.301956,3,"20Sep24","WARP","Ref"
"646","3D7_WARP_silent_Kisumu_E4","WARP_125","F","3D7","E4","An_gam",13.76774362,3,"20Sep24","WARP","Ref"
"647","3D7_WARP_silent_Kisumu_E4","WARP_125","F","3D7","E4","An_gam",94.71999194,3,"20Sep24","WARP","Ref"
"648","3D7_WARP_silent_Kisumu_E4","WARP_125","F","3D7","E4","An_gam",9553.541445,3,"20Sep24","WARP","Ref"
"649","3D7_WARP_silent_Kisumu_E4","WARP_125","F","3D7","E4","An_gam",1653.418932,3,"20Sep24","WARP","Ref"
"650","3D7_WARP_silent_Kisumu_E4","WARP_125","F","3D7","E4","An_gam",825.6213565,3,"20Sep24","WARP","Ref"
"651","3D7_WARP_silent_Kisumu_E4","WARP_125","F","3D7","E4","An_gam",918.2274199,3,"20Sep24","WARP","Ref"
"652","3D7_WARP_silent_Kisumu_E4","WARP_125","F","3D7","E4","An_gam",0,3,"20Sep24","WARP","Ref"
"653","3D7_WARP_silent_Kisumu_E4","WARP_125","F","3D7","E4","An_gam",0,3,"20Sep24","WARP","Ref"
"654","3D7_WARP_silent_Kisumu_E4","WARP_125","F","3D7","E4","An_gam",6623.919766,3,"20Sep24","WARP","Ref"
"655","3D7_WARP_silent_Kisumu_E4","WARP_125","F","3D7","E4","An_gam",0,3,"20Sep24","WARP","Ref"
"656","3D7_WARP_F125L_Kisumu_B8","WARP_125","L","3D7","B8","An_gam",6221.166113,3,"20Sep24","WARP","Alt"
"657","3D7_WARP_F125L_Kisumu_B8","WARP_125","L","3D7","B8","An_gam",0,3,"20Sep24","WARP","Alt"
"658","3D7_WARP_F125L_Kisumu_B8","WARP_125","L","3D7","B8","An_gam",21.61644343,3,"20Sep24","WARP","Alt"
"659","3D7_WARP_F125L_Kisumu_B8","WARP_125","L","3D7","B8","An_gam",3008.617164,3,"20Sep24","WARP","Alt"
"660","3D7_WARP_F125L_Kisumu_B8","WARP_125","L","3D7","B8","An_gam",93.0268684,3,"20Sep24","WARP","Alt"
"661","3D7_WARP_F125L_Kisumu_B8","WARP_125","L","3D7","B8","An_gam",3.637909214,3,"20Sep24","WARP","Alt"
"662","3D7_WARP_F125L_Kisumu_B8","WARP_125","L","3D7","B8","An_gam",27.13516528,3,"20Sep24","WARP","Alt"
"663","3D7_WARP_F125L_Kisumu_B8","WARP_125","L","3D7","B8","An_gam",0,3,"20Sep24","WARP","Alt"
"664","3D7_WARP_F125L_Kisumu_B8","WARP_125","L","3D7","B8","An_gam",0,3,"20Sep24","WARP","Alt"
"665","3D7_WARP_F125L_Kisumu_B8","WARP_125","L","3D7","B8","An_gam",2683.501652,3,"20Sep24","WARP","Alt"
"666","3D7_WARP_F125L_Kisumu_B8","WARP_125","L","3D7","B8","An_gam",0,3,"20Sep24","WARP","Alt"
"667","3D7_WARP_F125L_Kisumu_B8","WARP_125","L","3D7","B8","An_gam",0,3,"20Sep24","WARP","Alt"
"668","3D7_WARP_F125L_Kisumu_B8","WARP_125","L","3D7","B8","An_gam",0,3,"20Sep24","WARP","Alt"
"669","3D7_WARP_F125L_Kisumu_B8","WARP_125","L","3D7","B8","An_gam",193.5658644,3,"20Sep24","WARP","Alt"
"670","3D7_WARP_F125L_Kisumu_B8","WARP_125","L","3D7","B8","An_gam",0,3,"20Sep24","WARP","Alt"
"671","3D7_WARP_F125L_Kisumu_B8","WARP_125","L","3D7","B8","An_gam",2301.135753,3,"20Sep24","WARP","Alt"
"672","3D7_WARP_F125L_Kisumu_B8","WARP_125","L","3D7","B8","An_gam",477.0879976,3,"20Sep24","WARP","Alt"
"673","3D7_WARP_F125L_Kisumu_B8","WARP_125","L","3D7","B8","An_gam",22.94802962,3,"20Sep24","WARP","Alt"
"674","3D7_WARP_F125L_Kisumu_B8","WARP_125","L","3D7","B8","An_gam",0,3,"20Sep24","WARP","Alt"
"675","3D7_WARP_F125L_Kisumu_B8","WARP_125","L","3D7","B8","An_gam",2317.550377,3,"20Sep24","WARP","Alt"
"676","3D7_WARP_F125L_Kisumu_B8","WARP_125","L","3D7","B8","An_gam",0,3,"20Sep24","WARP","Alt"
"677","3D7_WARP_F125L_Kisumu_B8","WARP_125","L","3D7","B8","An_gam",28.1645172,3,"20Sep24","WARP","Alt"
"678","3D7_WARP_F125L_Kisumu_B8","WARP_125","L","3D7","B8","An_gam",0,3,"20Sep24","WARP","Alt"
"679","3D7_WARP_F125L_Kisumu_B8","WARP_125","L","3D7","B8","An_gam",2927.257389,3,"20Sep24","WARP","Alt"
"680","3D7_Stephensi","WT","F","3D7","3D7","An_steph",0,3,"20Sep24","WARP","Ref"
"681","3D7_Stephensi","WT","F","3D7","3D7","An_steph",0,3,"20Sep24","WARP","Ref"
"682","3D7_Stephensi","WT","F","3D7","3D7","An_steph",0,3,"20Sep24","WARP","Ref"
"683","3D7_Stephensi","WT","F","3D7","3D7","An_steph",0,3,"20Sep24","WARP","Ref"
"684","3D7_Stephensi","WT","F","3D7","3D7","An_steph",0,3,"20Sep24","WARP","Ref"
"685","3D7_Stephensi","WT","F","3D7","3D7","An_steph",49.13872426,3,"20Sep24","WARP","Ref"
"686","3D7_Stephensi","WT","F","3D7","3D7","An_steph",0,3,"20Sep24","WARP","Ref"
"687","3D7_Stephensi","WT","F","3D7","3D7","An_steph",38.53289119,3,"20Sep24","WARP","Ref"
"688","3D7_Stephensi","WT","F","3D7","3D7","An_steph",0,3,"20Sep24","WARP","Ref"
"689","3D7_Stephensi","WT","F","3D7","3D7","An_steph",0,3,"20Sep24","WARP","Ref"
"690","3D7_Stephensi","WT","F","3D7","3D7","An_steph",0,3,"20Sep24","WARP","Ref"
"691","3D7_Stephensi","WT","F","3D7","3D7","An_steph",1818.127212,3,"20Sep24","WARP","Ref"
"692","3D7_WARP_silent_stephensi_E4","WARP_125","F","3D7","E4","An_steph",0,3,"20Sep24","WARP","Ref"
"693","3D7_WARP_silent_stephensi_E4","WARP_125","F","3D7","E4","An_steph",0,3,"20Sep24","WARP","Ref"
"694","3D7_WARP_silent_stephensi_E4","WARP_125","F","3D7","E4","An_steph",39.39527986,3,"20Sep24","WARP","Ref"
"695","3D7_WARP_silent_stephensi_E4","WARP_125","F","3D7","E4","An_steph",0,3,"20Sep24","WARP","Ref"
"696","3D7_WARP_silent_stephensi_E4","WARP_125","F","3D7","E4","An_steph",0,3,"20Sep24","WARP","Ref"
"697","3D7_WARP_silent_stephensi_E4","WARP_125","F","3D7","E4","An_steph",862.5399781,3,"20Sep24","WARP","Ref"
"698","3D7_WARP_silent_stephensi_E4","WARP_125","F","3D7","E4","An_steph",0,3,"20Sep24","WARP","Ref"
"699","3D7_WARP_silent_stephensi_E4","WARP_125","F","3D7","E4","An_steph",0,3,"20Sep24","WARP","Ref"
"700","3D7_WARP_silent_stephensi_E4","WARP_125","F","3D7","E4","An_steph",0,3,"20Sep24","WARP","Ref"
"701","3D7_WARP_silent_stephensi_E4","WARP_125","F","3D7","E4","An_steph",0,3,"20Sep24","WARP","Ref"
"702","3D7_WARP_silent_stephensi_E4","WARP_125","F","3D7","E4","An_steph",0,3,"20Sep24","WARP","Ref"
"703","3D7_WARP_silent_stephensi_E4","WARP_125","F","3D7","E4","An_steph",552.4313539,3,"20Sep24","WARP","Ref"
"704","3D7_WARP_F125L_stephensi_B8","WARP_125","L","3D7","B8","An_steph",0,3,"20Sep24","WARP","Alt"
"705","3D7_WARP_F125L_stephensi_B8","WARP_125","L","3D7","B8","An_steph",0,3,"20Sep24","WARP","Alt"
"706","3D7_WARP_F125L_stephensi_B8","WARP_125","L","3D7","B8","An_steph",19.9004408,3,"20Sep24","WARP","Alt"
"707","3D7_WARP_F125L_stephensi_B8","WARP_125","L","3D7","B8","An_steph",0,3,"20Sep24","WARP","Alt"
"708","3D7_WARP_F125L_stephensi_B8","WARP_125","L","3D7","B8","An_steph",0,3,"20Sep24","WARP","Alt"
"709","3D7_WARP_F125L_stephensi_B8","WARP_125","L","3D7","B8","An_steph",0,3,"20Sep24","WARP","Alt"
"710","3D7_WARP_F125L_stephensi_B8","WARP_125","L","3D7","B8","An_steph",3135.277787,3,"20Sep24","WARP","Alt"
"711","3D7_WARP_F125L_stephensi_B8","WARP_125","L","3D7","B8","An_steph",3799.542192,3,"20Sep24","WARP","Alt"
"712","3D7_WARP_F125L_stephensi_B8","WARP_125","L","3D7","B8","An_steph",0,3,"20Sep24","WARP","Alt"
"713","3D7_WARP_F125L_stephensi_B8","WARP_125","L","3D7","B8","An_steph",0,3,"20Sep24","WARP","Alt"
"714","3D7_WARP_F125L_stephensi_B8","WARP_125","L","3D7","B8","An_steph",755.1176964,3,"20Sep24","WARP","Alt"
"715","3D7_WARP_F125L_stephensi_B8","WARP_125","L","3D7","B8","An_steph",1716.79686,3,"20Sep24","WARP","Alt"
"716","3D7_minimus","WT","F","3D7","3D7","An_mini",3226.734427,3,"20Sep24","WARP","Ref"
"717","3D7_minimus","WT","F","3D7","3D7","An_mini",791.1388139,3,"20Sep24","WARP","Ref"
"718","3D7_minimus","WT","F","3D7","3D7","An_mini",0,3,"20Sep24","WARP","Ref"
"719","3D7_minimus","WT","F","3D7","3D7","An_mini",0,3,"20Sep24","WARP","Ref"
"720","3D7_minimus","WT","F","3D7","3D7","An_mini",240.1645313,3,"20Sep24","WARP","Ref"
"721","3D7_WARP_silent_minimus_E4","WARP_125","F","3D7","E4","An_mini",0,3,"20Sep24","WARP","Ref"
"722","3D7_WARP_silent_minimus_E4","WARP_125","F","3D7","E4","An_mini",14.3773768,3,"20Sep24","WARP","Ref"
"723","3D7_WARP_silent_minimus_E4","WARP_125","F","3D7","E4","An_mini",0,3,"20Sep24","WARP","Ref"
"724","3D7_WARP_silent_minimus_E4","WARP_125","F","3D7","E4","An_mini",10.9824524,3,"20Sep24","WARP","Ref"
"725","3D7_WARP_silent_minimus_E4","WARP_125","F","3D7","E4","An_mini",0,3,"20Sep24","WARP","Ref"
"726","3D7_WARP_silent_minimus_E4","WARP_125","F","3D7","E4","An_mini",0,3,"20Sep24","WARP","Ref"
"727","3D7_WARP_silent_minimus_E4","WARP_125","F","3D7","E4","An_mini",14.15877533,3,"20Sep24","WARP","Ref"
"728","3D7_WARP_silent_minimus_E4","WARP_125","F","3D7","E4","An_mini",0,3,"20Sep24","WARP","Ref"
"729","3D7_WARP_silent_minimus_E4","WARP_125","F","3D7","E4","An_mini",0,3,"20Sep24","WARP","Ref"
"730","3D7_WARP_silent_minimus_E4","WARP_125","F","3D7","E4","An_mini",22.75029352,3,"20Sep24","WARP","Ref"
"731","3D7_WARP_F125L_minimus_B8","WARP_125","L","3D7","B8","An_mini",0,3,"20Sep24","WARP","Alt"
"732","3D7_WARP_F125L_minimus_B8","WARP_125","L","3D7","B8","An_mini",219.1276947,3,"20Sep24","WARP","Alt"
"733","3D7_WARP_F125L_minimus_B8","WARP_125","L","3D7","B8","An_mini",14.99220953,3,"20Sep24","WARP","Alt"
"734","3D7_WARP_F125L_minimus_B8","WARP_125","L","3D7","B8","An_mini",0,3,"20Sep24","WARP","Alt"
"735","3D7_WARP_F125L_minimus_B8","WARP_125","L","3D7","B8","An_mini",0,3,"20Sep24","WARP","Alt"
"736","3D7_WARP_F125L_minimus_B8","WARP_125","L","3D7","B8","An_mini",77.45797622,3,"20Sep24","WARP","Alt"
"737","3D7_WARP_F125L_minimus_B8","WARP_125","L","3D7","B8","An_mini",124.1899254,3,"20Sep24","WARP","Alt"
"738","3D7_WARP_F125L_minimus_B8","WARP_125","L","3D7","B8","An_mini",0,3,"20Sep24","WARP","Alt"
"739","3D7_WARP_F125L_minimus_B8","WARP_125","L","3D7","B8","An_mini",0,3,"20Sep24","WARP","Alt"
"740","3D7_WARP_F125L_minimus_B8","WARP_125","L","3D7","B8","An_mini",20.48516045,3,"20Sep24","WARP","Alt"
"741","3D7_albimanus","WT","F","3D7","3D7","An_alb",81.04690774,3,"20Sep24","WARP","Ref"
"742","3D7_albimanus","WT","F","3D7","3D7","An_alb",0,3,"20Sep24","WARP","Ref"
"743","3D7_albimanus","WT","F","3D7","3D7","An_alb",0,3,"20Sep24","WARP","Ref"
"744","3D7_albimanus","WT","F","3D7","3D7","An_alb",0,3,"20Sep24","WARP","Ref"
"745","3D7_albimanus","WT","F","3D7","3D7","An_alb",0,3,"20Sep24","WARP","Ref"
"746","3D7_WARP_silent_albimanus_E4","WARP_125","F","3D7","E4","An_alb",0,3,"20Sep24","WARP","Ref"
"747","3D7_WARP_silent_albimanus_E4","WARP_125","F","3D7","E4","An_alb",0,3,"20Sep24","WARP","Ref"
"748","3D7_WARP_silent_albimanus_E4","WARP_125","F","3D7","E4","An_alb",9.126311577,3,"20Sep24","WARP","Ref"
"749","3D7_WARP_silent_albimanus_E4","WARP_125","F","3D7","E4","An_alb",0,3,"20Sep24","WARP","Ref"
"750","3D7_WARP_silent_albimanus_E4","WARP_125","F","3D7","E4","An_alb",0,3,"20Sep24","WARP","Ref"
"751","3D7_WARP_F125L_albimanus_B8","WARP_125","L","3D7","B8","An_alb",0,3,"20Sep24","WARP","Alt"
"752","3D7_WARP_F125L_albimanus_B8","WARP_125","L","3D7","B8","An_alb",0,3,"20Sep24","WARP","Alt"
"753","3D7_WARP_F125L_albimanus_B8","WARP_125","L","3D7","B8","An_alb",0,3,"20Sep24","WARP","Alt"
"754","3D7_WARP_F125L_albimanus_B8","WARP_125","L","3D7","B8","An_alb",0,3,"20Sep24","WARP","Alt"
"755","3D7_WARP_F125L_albimanus_B8","WARP_125","L","3D7","B8","An_alb",0,3,"20Sep24","WARP","Alt"
"756","3D7_WARP_silent_minimus_E4","WARP_125","F","3D7","E4","An_mini",0,1,"19Feb25","WARP","Ref"
"757","3D7_WARP_silent_minimus_E4","WARP_125","F","3D7","E4","An_mini",0.942294182,1,"19Feb25","WARP","Ref"
"758","3D7_WARP_silent_minimus_E4","WARP_125","F","3D7","E4","An_mini",0,1,"19Feb25","WARP","Ref"
"759","3D7_WARP_silent_minimus_E4","WARP_125","F","3D7","E4","An_mini",77.01450386,1,"19Feb25","WARP","Ref"
"760","3D7_WARP_silent_minimus_E4","WARP_125","F","3D7","E4","An_mini",0,1,"19Feb25","WARP","Ref"
"761","3D7_WARP_silent_minimus_E4","WARP_125","F","3D7","E4","An_mini",0,1,"19Feb25","WARP","Ref"
"762","3D7_WARP_F125L_minimus_B8","WARP_125","L","3D7","B8","An_mini",0,1,"19Feb25","WARP","Alt"
"763","3D7_WARP_F125L_minimus_B8","WARP_125","L","3D7","B8","An_mini",3.673588246,1,"19Feb25","WARP","Alt"
"764","3D7_WARP_F125L_minimus_B8","WARP_125","L","3D7","B8","An_mini",26.68402547,1,"19Feb25","WARP","Alt"
"765","3D7_WARP_F125L_minimus_B8","WARP_125","L","3D7","B8","An_mini",0,1,"19Feb25","WARP","Alt"
"766","3D7_WARP_F125L_minimus_B8","WARP_125","L","3D7","B8","An_mini",0,1,"19Feb25","WARP","Alt"
"767","3D7_WARP_F125L_minimus_B8","WARP_125","L","3D7","B8","An_mini",0,1,"19Feb25","WARP","Alt"
"768","3D7_Kisumu","WT","F","3D7","3D7","An_gam",0,6,"13Aug25","WARP","Ref"
"769","3D7_Kisumu","WT","F","3D7","3D7","An_gam",175.0271905,6,"13Aug25","WARP","Ref"
"770","3D7_Kisumu","WT","F","3D7","3D7","An_gam",0,6,"13Aug25","WARP","Ref"
"771","3D7_Kisumu","WT","F","3D7","3D7","An_gam",37.33772649,6,"13Aug25","WARP","Ref"
"772","3D7_Kisumu","WT","F","3D7","3D7","An_gam",11653.63806,6,"13Aug25","WARP","Ref"
"773","3D7_Kisumu","WT","F","3D7","3D7","An_gam",6200.864293,6,"13Aug25","WARP","Ref"
"774","3D7_Kisumu","WT","F","3D7","3D7","An_gam",438.222944,6,"13Aug25","WARP","Ref"
"775","3D7_Kisumu","WT","F","3D7","3D7","An_gam",4223.535243,6,"13Aug25","WARP","Ref"
"776","3D7_Kisumu","WT","F","3D7","3D7","An_gam",0,6,"13Aug25","WARP","Ref"
"777","3D7_Kisumu","WT","F","3D7","3D7","An_gam",68.75230847,6,"13Aug25","WARP","Ref"
"778","3D7_Kisumu","WT","F","3D7","3D7","An_gam",757.3717985,6,"13Aug25","WARP","Ref"
"779","3D7_Kisumu","WT","F","3D7","3D7","An_gam",706.6420885,6,"13Aug25","WARP","Ref"
"780","3D7_WARP_silent_Kisumu_E5","WARP_125","F","3D7","E5","An_gam",0,6,"13Aug25","WARP","Ref"
"781","3D7_WARP_silent_Kisumu_E5","WARP_125","F","3D7","E5","An_gam",950.2956705,6,"13Aug25","WARP","Ref"
"782","3D7_WARP_silent_Kisumu_E5","WARP_125","F","3D7","E5","An_gam",1.114198899,6,"13Aug25","WARP","Ref"
"783","3D7_WARP_silent_Kisumu_E5","WARP_125","F","3D7","E5","An_gam",1076.408592,6,"13Aug25","WARP","Ref"
"784","3D7_WARP_silent_Kisumu_E5","WARP_125","F","3D7","E5","An_gam",0,6,"13Aug25","WARP","Ref"
"785","3D7_WARP_silent_Kisumu_E5","WARP_125","F","3D7","E5","An_gam",25.44726211,6,"13Aug25","WARP","Ref"
"786","3D7_WARP_silent_Kisumu_E5","WARP_125","F","3D7","E5","An_gam",0,6,"13Aug25","WARP","Ref"
"787","3D7_WARP_silent_Kisumu_E5","WARP_125","F","3D7","E5","An_gam",0,6,"13Aug25","WARP","Ref"
"788","3D7_WARP_silent_Kisumu_E5","WARP_125","F","3D7","E5","An_gam",0,6,"13Aug25","WARP","Ref"
"789","3D7_WARP_silent_Kisumu_E5","WARP_125","F","3D7","E5","An_gam",0,6,"13Aug25","WARP","Ref"
"790","3D7_WARP_silent_Kisumu_E5","WARP_125","F","3D7","E5","An_gam",83.84366205,6,"13Aug25","WARP","Ref"
"791","3D7_WARP_silent_Kisumu_E5","WARP_125","F","3D7","E5","An_gam",5.847810073,6,"13Aug25","WARP","Ref"
"792","3D7_WARP_silent_Kisumu_E5","WARP_125","F","3D7","E5","An_gam",349.4749149,6,"13Aug25","WARP","Ref"
"793","3D7_WARP_silent_Kisumu_E5","WARP_125","F","3D7","E5","An_gam",8.592415491,6,"13Aug25","WARP","Ref"
"794","3D7_WARP_silent_Kisumu_E5","WARP_125","F","3D7","E5","An_gam",6.921669384,6,"13Aug25","WARP","Ref"
"795","3D7_WARP_silent_Kisumu_E5","WARP_125","F","3D7","E5","An_gam",3956.47074,6,"13Aug25","WARP","Ref"
"796","3D7_WARP_silent_Kisumu_E5","WARP_125","F","3D7","E5","An_gam",3602.809709,6,"13Aug25","WARP","Ref"
"797","3D7_WARP_silent_Kisumu_E5","WARP_125","F","3D7","E5","An_gam",0,6,"13Aug25","WARP","Ref"
"798","3D7_WARP_silent_Kisumu_E5","WARP_125","F","3D7","E5","An_gam",0,6,"13Aug25","WARP","Ref"
"799","3D7_WARP_silent_Kisumu_E5","WARP_125","F","3D7","E5","An_gam",0,6,"13Aug25","WARP","Ref"
"800","3D7_WARP_silent_Kisumu_E5","WARP_125","F","3D7","E5","An_gam",1695.721387,6,"13Aug25","WARP","Ref"
"801","3D7_WARP_silent_Kisumu_E5","WARP_125","F","3D7","E5","An_gam",0,6,"13Aug25","WARP","Ref"
"802","3D7_WARP_silent_Kisumu_E5","WARP_125","F","3D7","E5","An_gam",3.524913409,6,"13Aug25","WARP","Ref"
"803","3D7_WARP_silent_Kisumu_E5","WARP_125","F","3D7","E5","An_gam",0,6,"13Aug25","WARP","Ref"
"804","3D7_WARP_F125L_Kisumu_D6","WARP_125","L","3D7","D6","An_gam",0,6,"13Aug25","WARP","Alt"
"805","3D7_WARP_F125L_Kisumu_D6","WARP_125","L","3D7","D6","An_gam",215.2887747,6,"13Aug25","WARP","Alt"
"806","3D7_WARP_F125L_Kisumu_D6","WARP_125","L","3D7","D6","An_gam",19.75358482,6,"13Aug25","WARP","Alt"
"807","3D7_WARP_F125L_Kisumu_D6","WARP_125","L","3D7","D6","An_gam",0,6,"13Aug25","WARP","Alt"
"808","3D7_WARP_F125L_Kisumu_D6","WARP_125","L","3D7","D6","An_gam",0,6,"13Aug25","WARP","Alt"
"809","3D7_WARP_F125L_Kisumu_D6","WARP_125","L","3D7","D6","An_gam",0,6,"13Aug25","WARP","Alt"
"810","3D7_WARP_F125L_Kisumu_D6","WARP_125","L","3D7","D6","An_gam",0,6,"13Aug25","WARP","Alt"
"811","3D7_WARP_F125L_Kisumu_D6","WARP_125","L","3D7","D6","An_gam",0,6,"13Aug25","WARP","Alt"
"812","3D7_WARP_F125L_Kisumu_D6","WARP_125","L","3D7","D6","An_gam",342.3953433,6,"13Aug25","WARP","Alt"
"813","3D7_WARP_F125L_Kisumu_D6","WARP_125","L","3D7","D6","An_gam",111.7143834,6,"13Aug25","WARP","Alt"
"814","3D7_WARP_F125L_Kisumu_D6","WARP_125","L","3D7","D6","An_gam",584.2973817,6,"13Aug25","WARP","Alt"
"815","3D7_WARP_F125L_Kisumu_D6","WARP_125","L","3D7","D6","An_gam",0,6,"13Aug25","WARP","Alt"
"816","3D7_WARP_F125L_Kisumu_D6","WARP_125","L","3D7","D6","An_gam",0,6,"13Aug25","WARP","Alt"
"817","3D7_WARP_F125L_Kisumu_D6","WARP_125","L","3D7","D6","An_gam",444.0323261,6,"13Aug25","WARP","Alt"
"818","3D7_WARP_F125L_Kisumu_D6","WARP_125","L","3D7","D6","An_gam",4.813881353,6,"13Aug25","WARP","Alt"
"819","3D7_WARP_F125L_Kisumu_D6","WARP_125","L","3D7","D6","An_gam",0,6,"13Aug25","WARP","Alt"
"820","3D7_WARP_F125L_Kisumu_D6","WARP_125","L","3D7","D6","An_gam",0,6,"13Aug25","WARP","Alt"
"821","3D7_WARP_F125L_Kisumu_D6","WARP_125","L","3D7","D6","An_gam",0,6,"13Aug25","WARP","Alt"
"822","3D7_WARP_F125L_Kisumu_D6","WARP_125","L","3D7","D6","An_gam",0,6,"13Aug25","WARP","Alt"
"823","3D7_WARP_F125L_Kisumu_D6","WARP_125","L","3D7","D6","An_gam",0,6,"13Aug25","WARP","Alt"
"824","3D7_WARP_F125L_Kisumu_D6","WARP_125","L","3D7","D6","An_gam",37.11612085,6,"13Aug25","WARP","Alt"
"825","3D7_WARP_F125L_Kisumu_D6","WARP_125","L","3D7","D6","An_gam",0,6,"13Aug25","WARP","Alt"
"826","3D7_WARP_F125L_Kisumu_D6","WARP_125","L","3D7","D6","An_gam",0,6,"13Aug25","WARP","Alt"
"827","3D7_WARP_F125L_Kisumu_D6","WARP_125","L","3D7","D6","An_gam",286.7036988,6,"13Aug25","WARP","Alt"
"828","3D7_WARP_silent_stephensi_E5","WARP_125","F","3D7","E5","An_steph",0,6,"13Aug25","WARP","Ref"
"829","3D7_WARP_silent_stephensi_E5","WARP_125","F","3D7","E5","An_steph",0,6,"13Aug25","WARP","Ref"
"830","3D7_WARP_silent_stephensi_E5","WARP_125","F","3D7","E5","An_steph",7322.965544,6,"13Aug25","WARP","Ref"
"831","3D7_WARP_silent_stephensi_E5","WARP_125","F","3D7","E5","An_steph",0,6,"13Aug25","WARP","Ref"
"832","3D7_WARP_silent_stephensi_E5","WARP_125","F","3D7","E5","An_steph",76.6130171,6,"13Aug25","WARP","Ref"
"833","3D7_WARP_silent_stephensi_E5","WARP_125","F","3D7","E5","An_steph",985.716534,6,"13Aug25","WARP","Ref"
"834","3D7_WARP_silent_stephensi_E5","WARP_125","F","3D7","E5","An_steph",0,6,"13Aug25","WARP","Ref"
"835","3D7_WARP_silent_stephensi_E5","WARP_125","F","3D7","E5","An_steph",0,6,"13Aug25","WARP","Ref"
"836","3D7_WARP_silent_stephensi_E5","WARP_125","F","3D7","E5","An_steph",0,6,"13Aug25","WARP","Ref"
"837","3D7_WARP_silent_stephensi_E5","WARP_125","F","3D7","E5","An_steph",0,6,"13Aug25","WARP","Ref"
"838","3D7_WARP_silent_stephensi_E5","WARP_125","F","3D7","E5","An_steph",0,6,"13Aug25","WARP","Ref"
"839","3D7_WARP_silent_stephensi_E5","WARP_125","F","3D7","E5","An_steph",1.719333616,6,"13Aug25","WARP","Ref"
"840","3D7_WARP_silent_stephensi_E5","WARP_125","F","3D7","E5","An_steph",0,6,"13Aug25","WARP","Ref"
"841","3D7_WARP_silent_stephensi_E5","WARP_125","F","3D7","E5","An_steph",89.5138799,6,"13Aug25","WARP","Ref"
"842","3D7_WARP_silent_stephensi_E5","WARP_125","F","3D7","E5","An_steph",0,6,"13Aug25","WARP","Ref"
"843","3D7_WARP_silent_stephensi_E5","WARP_125","F","3D7","E5","An_steph",15.28573145,6,"13Aug25","WARP","Ref"
"844","3D7_WARP_silent_stephensi_E5","WARP_125","F","3D7","E5","An_steph",0,6,"13Aug25","WARP","Ref"
"845","3D7_WARP_silent_stephensi_E5","WARP_125","F","3D7","E5","An_steph",0,6,"13Aug25","WARP","Ref"
"846","3D7_WARP_silent_stephensi_E5","WARP_125","F","3D7","E5","An_steph",0,6,"13Aug25","WARP","Ref"
"847","3D7_WARP_silent_stephensi_E5","WARP_125","F","3D7","E5","An_steph",13.10558365,6,"13Aug25","WARP","Ref"
"848","3D7_WARP_silent_stephensi_E5","WARP_125","F","3D7","E5","An_steph",0,6,"13Aug25","WARP","Ref"
"849","3D7_WARP_silent_stephensi_E5","WARP_125","F","3D7","E5","An_steph",0,6,"13Aug25","WARP","Ref"
"850","3D7_WARP_silent_stephensi_E5","WARP_125","F","3D7","E5","An_steph",0,6,"13Aug25","WARP","Ref"
"851","3D7_WARP_silent_stephensi_E5","WARP_125","F","3D7","E5","An_steph",9.940482755,6,"13Aug25","WARP","Ref"
"852","3D7_WARP_F125L_stephensi_D6","WARP_125","L","3D7","D6","An_steph",0,6,"13Aug25","WARP","Alt"
"853","3D7_WARP_F125L_stephensi_D6","WARP_125","L","3D7","D6","An_steph",6.714542852,6,"13Aug25","WARP","Alt"
"854","3D7_WARP_F125L_stephensi_D6","WARP_125","L","3D7","D6","An_steph",135.341369,6,"13Aug25","WARP","Alt"
"855","3D7_WARP_F125L_stephensi_D6","WARP_125","L","3D7","D6","An_steph",0.305073317,6,"13Aug25","WARP","Alt"
"856","3D7_WARP_F125L_stephensi_D6","WARP_125","L","3D7","D6","An_steph",2.746658082,6,"13Aug25","WARP","Alt"
"857","3D7_WARP_F125L_stephensi_D6","WARP_125","L","3D7","D6","An_steph",0,6,"13Aug25","WARP","Alt"
"858","3D7_WARP_F125L_stephensi_D6","WARP_125","L","3D7","D6","An_steph",0,6,"13Aug25","WARP","Alt"
"859","3D7_WARP_F125L_stephensi_D6","WARP_125","L","3D7","D6","An_steph",0,6,"13Aug25","WARP","Alt"
"860","3D7_WARP_F125L_stephensi_D6","WARP_125","L","3D7","D6","An_steph",276.0858948,6,"13Aug25","WARP","Alt"
"861","3D7_WARP_F125L_stephensi_D6","WARP_125","L","3D7","D6","An_steph",9.488007714,6,"13Aug25","WARP","Alt"
"862","3D7_WARP_F125L_stephensi_D6","WARP_125","L","3D7","D6","An_steph",42.17404181,6,"13Aug25","WARP","Alt"
"863","3D7_WARP_F125L_stephensi_D6","WARP_125","L","3D7","D6","An_steph",16.6412186,6,"13Aug25","WARP","Alt"
"864","3D7_WARP_F125L_stephensi_D6","WARP_125","L","3D7","D6","An_steph",0,6,"13Aug25","WARP","Alt"
"865","3D7_WARP_F125L_stephensi_D6","WARP_125","L","3D7","D6","An_steph",0,6,"13Aug25","WARP","Alt"
"866","3D7_WARP_F125L_stephensi_D6","WARP_125","L","3D7","D6","An_steph",42.63329643,6,"13Aug25","WARP","Alt"
"867","3D7_WARP_F125L_stephensi_D6","WARP_125","L","3D7","D6","An_steph",0,6,"13Aug25","WARP","Alt"
"868","3D7_WARP_F125L_stephensi_D6","WARP_125","L","3D7","D6","An_steph",17.59265584,6,"13Aug25","WARP","Alt"
"869","3D7_WARP_F125L_stephensi_D6","WARP_125","L","3D7","D6","An_steph",4.214898947,6,"13Aug25","WARP","Alt"
"870","3D7_WARP_F125L_stephensi_D6","WARP_125","L","3D7","D6","An_steph",0,6,"13Aug25","WARP","Alt"
"871","3D7_WARP_F125L_stephensi_D6","WARP_125","L","3D7","D6","An_steph",7.038773535,6,"13Aug25","WARP","Alt"
"872","3D7_WARP_F125L_stephensi_D6","WARP_125","L","3D7","D6","An_steph",0,6,"13Aug25","WARP","Alt"
"873","3D7_WARP_F125L_stephensi_D6","WARP_125","L","3D7","D6","An_steph",341.895775,6,"13Aug25","WARP","Alt"
"874","3D7_WARP_F125L_stephensi_D6","WARP_125","L","3D7","D6","An_steph",0,6,"13Aug25","WARP","Alt"
"875","3D7_WARP_F125L_stephensi_D6","WARP_125","L","3D7","D6","An_steph",93.75276775,6,"13Aug25","WARP","Alt"
"876","3D7_WARP_silent_minimus_E5","WARP_125","F","3D7","E5","An_mini",10.76485574,6,"13Aug25","WARP","Ref"
"877","3D7_WARP_silent_minimus_E5","WARP_125","F","3D7","E5","An_mini",0,6,"13Aug25","WARP","Ref"
"878","3D7_WARP_silent_minimus_E5","WARP_125","F","3D7","E5","An_mini",0,6,"13Aug25","WARP","Ref"
"879","3D7_WARP_silent_minimus_E5","WARP_125","F","3D7","E5","An_mini",0,6,"13Aug25","WARP","Ref"
"880","3D7_WARP_silent_minimus_E5","WARP_125","F","3D7","E5","An_mini",28.95558745,6,"13Aug25","WARP","Ref"
"881","3D7_WARP_silent_minimus_E5","WARP_125","F","3D7","E5","An_mini",2992.124334,6,"13Aug25","WARP","Ref"
"882","3D7_WARP_silent_minimus_E5","WARP_125","F","3D7","E5","An_mini",0,6,"13Aug25","WARP","Ref"
"883","3D7_WARP_silent_minimus_E5","WARP_125","F","3D7","E5","An_mini",0,6,"13Aug25","WARP","Ref"
"884","3D7_WARP_silent_minimus_E5","WARP_125","F","3D7","E5","An_mini",0.527215728,6,"13Aug25","WARP","Ref"
"885","3D7_WARP_silent_minimus_E5","WARP_125","F","3D7","E5","An_mini",0,6,"13Aug25","WARP","Ref"
"886","3D7_WARP_silent_minimus_E5","WARP_125","F","3D7","E5","An_mini",0,6,"13Aug25","WARP","Ref"
"887","3D7_WARP_silent_minimus_E5","WARP_125","F","3D7","E5","An_mini",0,6,"13Aug25","WARP","Ref"
"888","3D7_WARP_F125L_minimus_D6","WARP_125","L","3D7","D6","An_mini",0,6,"13Aug25","WARP","Alt"
"889","3D7_WARP_F125L_minimus_D6","WARP_125","L","3D7","D6","An_mini",0.794585364,6,"13Aug25","WARP","Alt"
"890","3D7_WARP_F125L_minimus_D6","WARP_125","L","3D7","D6","An_mini",0,6,"13Aug25","WARP","Alt"
"891","3D7_WARP_F125L_minimus_D6","WARP_125","L","3D7","D6","An_mini",0,6,"13Aug25","WARP","Alt"
"892","3D7_WARP_F125L_minimus_D6","WARP_125","L","3D7","D6","An_mini",17.01038669,6,"13Aug25","WARP","Alt"
"893","3D7_WARP_F125L_minimus_D6","WARP_125","L","3D7","D6","An_mini",0,6,"13Aug25","WARP","Alt"
"894","3D7_WARP_F125L_minimus_D6","WARP_125","L","3D7","D6","An_mini",0.646211153,6,"13Aug25","WARP","Alt"
"895","3D7_WARP_F125L_minimus_D6","WARP_125","L","3D7","D6","An_mini",0,6,"13Aug25","WARP","Alt"
"896","3D7_WARP_F125L_minimus_D6","WARP_125","L","3D7","D6","An_mini",0.146084479,6,"13Aug25","WARP","Alt"
"897","3D7_WARP_F125L_minimus_D6","WARP_125","L","3D7","D6","An_mini",19.4763689,6,"13Aug25","WARP","Alt"
"898","3D7_WARP_F125L_minimus_D6","WARP_125","L","3D7","D6","An_mini",0,6,"13Aug25","WARP","Alt"
"899","3D7_WARP_F125L_minimus_D6","WARP_125","L","3D7","D6","An_mini",0,6,"13Aug25","WARP","Alt"
"900","3D7_WARP_F125L_minimus_D6","WARP_125","L","3D7","D6","An_mini",0.839543282,6,"13Aug25","WARP","Alt"
"901","3D7_WARP_F125L_minimus_D6","WARP_125","L","3D7","D6","An_mini",0.643570998,6,"13Aug25","WARP","Alt"
"902","3D7_WARP_silent_albimanus_E5","WARP_125","F","3D7","E5","An_alb",0,6,"13Aug25","WARP","Ref"
"903","3D7_WARP_silent_albimanus_E5","WARP_125","F","3D7","E5","An_alb",0,6,"13Aug25","WARP","Ref"
"904","3D7_WARP_silent_albimanus_E5","WARP_125","F","3D7","E5","An_alb",0,6,"13Aug25","WARP","Ref"
"905","3D7_WARP_silent_albimanus_E5","WARP_125","F","3D7","E5","An_alb",0,6,"13Aug25","WARP","Ref"
"906","3D7_WARP_silent_albimanus_E5","WARP_125","F","3D7","E5","An_alb",0,6,"13Aug25","WARP","Ref"
"907","3D7_WARP_F125L_albimanus_D6","WARP_125","L","3D7","D6","An_alb",0,6,"13Aug25","WARP","Alt"
"908","3D7_WARP_F125L_albimanus_D6","WARP_125","L","3D7","D6","An_alb",0,6,"13Aug25","WARP","Alt"
"909","3D7_WARP_F125L_albimanus_D6","WARP_125","L","3D7","D6","An_alb",0,6,"13Aug25","WARP","Alt"
"910","3D7_WARP_F125L_albimanus_D6","WARP_125","L","3D7","D6","An_alb",0,6,"13Aug25","WARP","Alt"
"911","3D7_WARP_F125L_albimanus_D6","WARP_125","L","3D7","D6","An_alb",0,6,"13Aug25","WARP","Alt"
